V200011a,V201200,V202064,V202064z,V202637,V201549x,V203000
0.689054237745403,6,-1,-3,-1,3,40
1.08926322977489,4,-1,-3,-1,4,16
0.688799161453653,2,-1,-3,-1,1,51
0.731815317325184,3,-1,-3,-1,4,6
1.01398969875634,5,-1,-3,-1,5,8
0.398908062450189,4,-1,-3,-1,1,48
0.618292388425246,4,-1,-3,-1,1,55
0.899179405189399,99,-1,-3,-1,1,28
1.2178901983983,99,-1,-3,-1,1,4
2.38377016310758,99,-1,-3,-1,3,6
1.68634931741708,99,-1,-3,-1,3,24
0.990567540526511,4,-1,-3,-1,1,55
0.386512355328355,6,2,-3,-1,1,41
0.495051689354203,3,-1,-3,-1,4,51
1.30442249637415,4,1,-3,-1,2,37
0.432823342457295,6,2,-3,-1,3,16
1.02468624156048,3,-1,-3,-1,1,25
0.739847109581167,3,-1,-3,-1,1,33
0.624972677584408,2,-1,-3,-1,1,32
0.615154344865336,3,-1,-3,-1,1,55
0.905664226997706,6,-1,-3,-1,3,42
2.33694893933791,4,-1,-3,-1,3,6
6.56299373141085,2,-1,-3,-1,1,36
1.41265491316912,6,-1,-3,-1,1,4
4.84064147144814,99,-1,-3,-1,3,6
0.793906469135198,2,-1,-3,-1,1,13
0.88394093286617,99,-1,-3,-1,1,37
0.674931198017604,5,-1,-3,-1,1,51
0.8379733952294,5,-1,-3,-1,1,36
1.51735827906212,4,-1,-3,-1,3,4
1.00234624266671,99,-1,-3,-1,4,15
0.809903470897296,4,-1,-3,-1,5,8
0.398035682223375,2,-1,-3,-1,1,16
0.572681986563373,6,-1,-3,-1,1,55
1.22018250921402,2,-1,-3,-1,1,36
0.732199826289674,99,-1,-3,-1,1,48
0.944764077363574,99,-1,-3,-1,2,17
1.3740861854971,1,-1,-3,-1,1,39
0.718785504722094,1,-1,-3,-1,1,5
0.604818571684704,6,-1,-3,-1,1,13
0.383101506588091,6,-1,-3,-1,1,48
0.583640824146091,4,-1,-3,-1,2,42
0.709468340332543,7,-1,-3,-1,1,35
0.540349167985318,7,-1,-3,-1,1,20
0.724719733909441,3,-1,-3,-1,1,6
0.374339568796827,6,-1,-3,-1,1,29
1.13719727655147,2,-1,-3,-1,1,42
0.570873190364521,3,-1,-3,-1,1,27
0.349680491677339,4,-1,-3,-1,4,6
0.490899092355772,6,-1,-3,-1,1,29
0.825337680399498,4,-1,-3,-1,5,48
0.349997585933023,2,-1,-3,-1,2,51
2.11920141044421,4,-6,-3,-6,1,39
1.75551664865619,99,2,-3,-1,1,21
1.15034589442467,4,-1,-3,-1,-9,42
3.92447212167078,6,-6,-3,-6,1,4
0.305873806743335,3,-1,-3,-1,1,13
0.530103058453414,3,-1,-3,-1,1,36
1.40845534055944,4,-1,-3,-1,1,39
0.8122242096928,6,-1,-3,-1,1,48
0.75545359897674,5,-1,-3,-1,1,17
0.659057542157275,4,-1,-3,-1,1,30
0.767439457038454,2,-1,-3,-1,1,47
0.350013777231505,2,-1,-3,-1,6,22
0.311650753670213,2,-1,-3,-1,1,34
0.796947469291149,4,-1,-3,-1,1,6
1.4478399445187,5,-1,-3,-1,6,6
0.966972195032808,1,-1,-3,-1,1,6
0.637561173291322,2,-1,-3,-1,1,8
0.255328417187767,2,-1,-3,-1,2,17
0.371965831003153,2,-1,-3,-1,1,6
0.580760105332281,3,-1,-3,-1,1,27
0.948890450711725,99,-1,-3,-1,1,27
2.12557510967714,99,-1,-3,-1,1,42
0.74784360669863,6,-1,-3,-1,1,42
1.42708615179515,99,-1,-3,-1,2,18
1.3632071117405,4,-1,-3,-1,2,36
0.500389546027785,2,-1,-3,-1,1,42
0.593621566976786,4,-1,-3,-1,1,12
0.485186603697165,5,-1,-3,-1,1,48
0.70294161754834,5,-1,-3,-1,1,40
0.640029071823041,7,-1,-3,-1,1,4
0.372828629685525,2,-1,-3,-1,1,10
0.669631388167653,99,-1,-3,-1,2,11
0.339157455532018,3,-1,-3,-1,1,18
0.59096060691077,4,-1,-3,-1,3,32
0.667216633999317,4,-1,-3,-1,1,12
0.71059570808315,3,-1,-3,-1,1,54
1.58820553385895,99,-1,-3,-1,1,25
1.11232966196577,5,-1,-3,-1,1,39
0.381656306067067,5,-1,-3,-1,1,51
1.92590510287959,2,-1,-3,-1,1,4
0.896110835165956,7,-1,-3,-1,1,40
1.03130129533529,3,-1,-3,-1,1,39
0.806502475167798,5,-1,-3,-1,5,15
0.345316142118051,6,-1,-3,-1,1,48
0.777917035631142,3,-1,-3,-1,1,25
0.413376151217377,4,-1,-3,-1,3,13
0.284427592543382,3,-1,-3,-1,1,45
0.347445921458322,4,-1,-3,-1,1,53
0.928716664160295,2,-1,-3,-1,6,42
0.810107864008074,3,-1,-3,-1,1,42
0.426373686333804,2,-1,-3,-1,1,6
0.778779806713915,6,-1,-3,-1,1,16
0.631484665638505,6,-1,-3,-1,1,18
1.20462457226387,2,-1,-3,-1,1,42
0.617842848388051,7,-1,-3,-1,1,24
1.31954796113891,5,-1,-3,-1,1,25
0.326196587326002,6,-1,-3,-1,5,20
2.74786194197649,4,-1,-3,-1,1,42
0.559661962150083,6,-1,-3,-5,1,36
0.601837774867943,6,-1,-3,-1,4,6
1.06309917922454,4,-1,-3,-1,1,17
0.432147507663862,6,-1,-3,-1,1,39
0.404636369058447,3,-1,-3,-1,1,17
0.495259449499186,4,-1,-3,-1,3,25
1.24302621605365,4,-1,-3,-1,2,37
1.97264881685419,6,-1,-3,-1,5,36
1.9776726091504,99,-1,-3,-1,2,42
0.550673884805178,6,-1,-3,-1,1,4
1.23152960018553,6,-1,-3,-1,-9,12
0.84242892101,99,-1,-3,-1,3,8
2.5212231590071,1,-6,-3,-6,3,1
0.328283072285287,99,-1,-3,-1,1,26
3.98299604601904,5,-1,-3,-1,2,51
0.93681312456655,4,-1,-3,-1,1,47
1.2521491581818,2,-1,-3,-1,1,41
1.91196213303788,6,-1,-3,-1,1,55
0.735183966898151,3,-1,-3,-1,1,4
3.77395433678726,99,-1,-3,-1,3,6
0.516851167979472,2,-1,-3,-1,2,42
1.31216652801782,6,-1,-3,-1,1,29
0.899554618780174,6,-1,-3,-1,1,13
0.759473027266778,6,-1,-3,-1,1,24
0.556650877916098,2,-1,-3,-1,1,4
0.493532567880489,6,-1,-3,-1,1,33
0.75545359897674,5,-1,-3,-1,1,39
0.648359725037058,7,-1,-3,-1,1,4
0.403025416252833,5,-1,-3,-1,1,4
0.683224895576758,3,-1,-3,-1,1,36
0.575571488323419,4,-1,-3,-1,1,22
0.269026721067705,4,-1,-3,-1,1,27
1.04824985694303,99,-1,-3,-1,1,17
1.17765991196676,2,-1,-3,-1,2,37
0.885409597051634,6,-1,-3,-1,2,34
0.456151020624889,4,-1,-3,-1,1,33
0.283942542799148,1,-1,-3,-1,5,25
0.788150021344665,4,-6,-3,-6,1,48
2.95584496133318,4,1,-3,-1,3,36
0.595441378314648,2,-1,-3,-1,1,26
1.08826078723778,6,-1,-3,-1,1,5
1.475680443977,3,-6,-3,-6,4,51
1.04499471231611,3,-1,-3,-1,1,37
1.97994343839702,99,-6,-3,-6,6,37
0.546307757548178,6,-1,-3,-1,1,45
0.858171625326112,5,-1,-3,-1,1,42
1.75364221148691,6,-1,-3,-1,1,17
0.369853499328506,2,-1,-3,-1,1,47
1.64151669953413,7,-1,-3,-1,1,22
1.30466224323045,99,-1,-3,-1,1,12
1.84828790845109,7,-1,-3,-1,1,21
0.899439431154877,6,-1,-3,-5,1,36
1.37640072233092,99,-1,-3,-1,2,20
0.922026895158323,2,-1,-3,-1,6,37
0.343708826925573,2,-6,-3,-6,1,37
0.389922877310087,2,-1,-3,-1,1,9
1.14240487220993,6,-1,-3,-1,1,29
0.431662999021628,4,-1,-3,-1,1,21
1.27768029557399,4,-1,-3,-1,1,51
0.499503261432829,4,-1,-3,-1,1,29
0.532017077442817,6,-1,-3,-1,1,33
0.279241183157559,2,-1,-3,-1,1,6
0.345407521237577,2,-1,-3,-1,1,25
1.62215942963934,99,-1,-3,-1,3,48
0.448787923602705,2,-1,-3,-1,1,17
0.94843801052088506,4,-1,-3,-1,1,4
1.15551839462648,4,-6,-3,-6,1,47
0.382476427019961,1,-1,-3,-1,1,39
1.10738258268318,99,-1,-3,-1,3,21
1.58053221841989,6,-1,-3,-1,1,1
0.288393316618038,6,-1,-3,-1,1,44
0.471495303194331,4,-1,-3,-1,1,34
0.710715180044935,6,-1,-3,-1,1,48
0.444187254450171,4,-1,-3,-1,2,24
0.688595737679891,3,-1,-3,-1,2,39
2.57604244865026,99,-6,-3,-6,1,6
1.44498863900066,99,-1,-3,-1,3,42
0.990693547522756,3,-1,-3,-1,3,48
0.650810339991085,2,-1,-3,-1,1,6
0.918507694037054,4,-1,-3,-1,2,6
0.73301472208887,6,-1,-3,-1,1,12
3.24306671812201,99,-1,-3,-1,1,39
0.617307730328945,4,-1,-3,-1,2,20
0.299847431952263,6,-1,-3,-1,3,6
1.60193685736769,1,-1,-3,-1,1,48
1.382770894268,99,-1,-3,-1,1,12
0.686973391001694,99,-1,-3,-1,1,24
0.79124050525874,2,-1,-3,-1,1,11
0.620667938556792,7,-1,-3,-1,1,47
0.788576953941724,4,-1,-3,-1,1,6
0.515079239710464,3,-1,-3,-1,1,6
0.843691110913789,6,-1,-3,-1,1,12
2.20410943081915,4,-1,-3,-1,1,20
0.35435789458288,4,-1,-3,-1,1,18
3.01467685975317,5,-1,-3,-1,3,48
0.466491316828116,3,-1,-3,-1,3,48
0.579346828329177,99,-1,-3,-1,2,34
0.351440421279776,2,-1,-3,-1,1,16
0.498414634032793,4,-1,-3,-1,1,6
2.26305005187387,6,-1,-3,-1,3,12
0.63463517680747,7,-1,-3,-1,1,12
0.282744387277495,2,-1,-3,-1,1,41
1.15542746386042,3,-1,-3,-1,1,27
0.635504767657628,4,-1,-3,-1,1,26
0.807042844883523,99,-1,-3,-1,1,6
2.0572360976603,99,-1,-3,-5,1,21
1.40495567257733,1,-7,-3,-7,2,4
0.549705761266858,4,-1,-3,-1,6,48
0.847977544228288,6,-1,-3,-1,1,55
0.605449748464813,3,-1,-3,-1,1,6
1.71750223147479,5,-1,-3,-1,1,17
0.639541289323877,2,-1,-3,-1,1,42
0.380287235384786,5,-1,-3,-1,1,29
0.697141368728477,99,-1,-3,-1,1,18
2.58066467804103,99,-1,-3,-1,6,4
2.50002166049474,4,-1,-3,-1,1,5
1.41417998477451,4,-1,-3,-1,1,42
1.54584725948954,2,-1,-3,-1,1,41
0.513363062177934,4,-1,-3,-1,4,48
0.555899634053945,4,-1,-3,-1,1,51
0.513882951814645,99,-1,-3,-1,1,12
0.894237626695842,4,-1,-3,-1,1,9
0.657541821372228,4,-1,-3,-1,1,26
0.477653032347249,4,-1,-3,-1,2,13
0.658035826059641,7,-1,-3,-1,5,51
0.480236850439272,6,-1,-3,-1,1,51
0.84936350104485,2,-1,-3,-1,1,36
0.607501367796224,4,-1,-3,-1,1,6
0.378590459868061,2,-1,-3,-1,1,31
0.324087857469414,3,-6,-3,-6,4,6
0.721847732406846,3,-1,-3,-1,6,33
1.84427912155678,2,-1,-3,-1,1,32
1.67945059652658,99,-6,-3,-6,3,35
0.79531872663263,4,-1,-3,-1,1,24
0.727027102945894,7,-1,-3,-1,1,6
1.94114579387177,4,-1,-3,-1,1,47
0.760701601474979,6,-1,-3,-1,1,4
0.403391544717621,2,-1,-3,-1,1,36
1.78820347390205,5,-1,-3,-1,1,12
0.758060251775822,4,-1,-3,-1,1,55
1.48823220683115,3,-6,-3,-6,3,6
1.03702413010042,99,-1,-3,-1,3,12
0.607320749522694,2,-1,-3,-1,1,4
0.998977187950281,99,-6,-3,-6,2,24
1.17246398502116,4,-1,-3,-1,1,6
1.66273278747523,6,-1,-3,-1,1,48
0.399473031222126,6,-1,-3,-1,1,6
0.402406259667101,7,-1,-3,-1,1,39
0.509490311297805,1,-1,-3,-1,1,53
0.856845092235555,4,-1,-3,-1,1,12
0.603609631178559,2,-1,-3,-1,1,17
0.699319756500901,2,-1,-3,-1,1,24
0.551546824731001,5,-1,-3,-1,1,48
0.959767561124027,2,-1,-3,-1,1,8
5.79111594247423,99,-1,-3,-1,2,36
2.50505921013878,99,-1,-3,-1,1,42
1.0959204476009,6,-1,-3,-1,1,37
0.856597072493694,4,-1,-3,-1,1,6
0.838561504988357,5,-1,-3,-1,1,13
0.595508521033795,4,-1,-3,-1,1,29
0.336425292156599,99,-1,-3,-1,1,12
0.821725280570123,2,-1,-3,-1,1,21
0.40930381587091,7,-1,-3,-1,1,26
0.347445921458322,2,-1,-3,-1,1,6
0.739125161059816,7,-1,-3,-1,1,18
0.35389575025767,4,-1,-3,-1,1,42
0.412227572702305,5,-1,-3,-1,1,21
0.597478424229198,3,-1,-3,-1,1,18
2.67914543549128,2,-1,-3,-1,6,53
0.824580169418564,4,-1,-3,-1,1,39
0.795984967535153,7,-1,-3,-1,1,42
0.615831693306746,6,-1,-3,-1,1,6
0.360026790539604,6,-1,-3,-1,1,20
0.760678888772311,7,-1,-3,-1,1,18
1.14667138244604,2,-1,-3,-1,1,17
0.646654965265431,2,-1,-3,-1,2,4
0.258531625084663,99,-1,-3,-1,2,48
0.73898981888579,7,-1,-3,-1,1,1
0.703186432319727,6,-6,-3,-6,1,48
0.534233955375483,3,-1,-3,-1,1,48
0.336679223703669,5,-1,-3,-1,1,13
0.856396758942358,6,-1,-3,-1,1,48
1.40100940971629,99,-1,-3,-1,1,53
1.09239674191302,2,-1,-3,-1,2,12
0.339743264054556,4,-1,-3,-1,3,55
5.24345800972381,6,-1,-3,-1,5,18
0.327743432529771,4,-1,-3,-1,1,26
0.64716396162805,3,-1,-3,-1,1,26
0.546175456987106,6,-1,-3,-1,1,37
1.66538678321591,99,-1,-3,-1,1,13
0.639398189395392,7,-1,-3,-1,1,9
0.843078717445063,99,-1,-3,-1,1,42
0.847069308908843,99,-1,-3,-1,2,26
1.23974676847643,4,-1,-3,-1,1,34
0.910833129271737,5,-1,-3,-1,1,34
0.649171800815555,2,-1,-3,-1,1,50
0.781959292410918,3,-1,-3,-1,1,21
0.381604993972484,4,-1,-3,-1,1,26
2.95153303797469,7,-1,-3,-1,1,55
0.31824907436212,3,-1,-3,-1,1,12
0.821639264511726,2,-1,-3,-1,3,17
0.532235204506105,4,-1,-3,-1,1,39
0.718230973857313,2,-1,-3,-1,1,55
0.571909847981596,6,-1,-3,-1,6,24
0.708571367623838,5,-1,-3,-1,1,12
0.812429363183129,6,-1,-3,-1,1,6
0.732655370676033,4,-1,-3,-1,1,53
2.33595586441745,5,-1,-3,-1,1,34
0.703593151148722,5,-1,-3,-1,1,4
0.895649573455477,3,-1,-3,-1,1,20
0.679930525193758,2,-1,-3,-1,1,24
0.97622323470136,6,-1,-3,-1,3,24
1.42788048189274,99,-1,-3,-1,1,41
1.09113681145592,7,-1,-3,-1,1,31
0.621552479557815,99,-6,-3,-6,1,42
0.680276527267525,4,-1,-3,-1,1,53
0.590901927085647,6,-1,-3,-1,1,4
1.56208311629429,7,-1,-3,-1,1,18
0.758371275321698,99,-1,-3,-1,1,26
0.323632788732731,99,-1,-3,-1,1,26
0.548060006595017,6,-1,-3,-1,1,13
1.08947494045402,4,-1,-3,-5,1,36
0.918829917807263,6,-1,-3,-1,1,48
2.6959055779701,99,-1,-3,-1,1,17
0.393781242162825,99,-1,-3,-1,6,37
2.50549833063039,99,-6,-3,-6,1,9
0.48240351657849,2,-1,-3,-1,1,42
1.38586799427771,5,-1,-3,-1,1,37
0.772326722365025,6,-1,-3,-1,1,36
0.49978978708819,2,-1,-3,-1,1,33
0.315831497495188,1,-1,-3,-1,1,18
0.632871350483802,5,-1,-3,-1,1,36
0.60496483743116,3,-1,-3,-1,1,27
0.527091180872849,99,-1,-3,-1,2,47
0.946623998463629,4,-1,-3,-1,1,6
1.24772106925472,6,-1,-3,-1,1,18
0.316838193909505,99,-6,-3,-6,2,26
0.39228928929078,2,-1,-3,-1,2,25
0.391198866085733,6,2,-3,-1,1,37
1.06448735990577,7,-1,-3,-1,1,36
0.981181846952144,3,-1,-3,-1,2,48
0.763208618243671,2,-1,-3,-1,1,34
1.1408043960433,4,-1,-3,-1,1,24
0.68862359742179,4,-1,-3,-1,1,53
0.318556657350366,4,-1,-3,-1,1,4
0.652439838372256,3,-1,-3,-1,1,50
0.459361998097139,6,-1,-3,-1,1,12
1.6256144789038,4,-1,-3,-1,3,48
0.647558912266622,4,-1,-3,-1,5,4
0.490765608334887,3,-1,-3,-1,1,27
0.520940634303464,4,-1,-3,-1,3,6
0.337408689438233,6,-1,-3,-1,1,27
0.532773581033968,4,-1,-3,-1,1,20
1.04789068234396,99,-6,-3,-6,4,6
1.03735851918412,6,-1,-3,-1,1,6
0.792117878333646,7,-1,-3,-1,1,37
0.330399669761874,3,-6,-3,-6,6,39
0.343941163721205,3,-1,-3,-1,1,12
1.436442457561,6,-1,-3,-1,1,42
1.18319256437038,6,-1,-3,-1,1,17
0.370322906202326,4,-1,-3,-1,1,8
1.02287596923594,5,-1,-3,-1,1,45
0.442484518858714,6,-1,-3,-1,1,35
0.716864668775304,2,-1,-3,-1,1,8
0.739971185641289,5,-1,-3,-1,1,6
0.702311913689108,6,-1,-3,-1,1,8
0.967691578802249,99,-1,-3,-1,1,42
0.520042150260169,5,-1,-3,-1,1,6
1.89809646730569,5,-6,-3,-6,1,17
1.1189910138115,5,-1,-3,-1,1,34
3.15602096917607,3,-1,-3,-1,1,39
0.937008179056379,3,-1,-3,-1,3,6
1.26669277128667,6,-1,-3,-1,1,18
1.29667002312249,4,-1,-3,-1,4,6
0.305623173177443,99,-1,-3,-1,6,39
1.88981208649701,6,-1,-3,-1,1,40
0.971101446182605,3,-1,-3,-1,1,25
0.576164241684336,2,-1,-3,-1,1,48
0.641972102121984,3,-1,-3,-1,3,48
1.53151598919042,99,-1,-3,-1,1,12
1.61108170572562,7,-1,-3,-1,1,1
0.548843189848229,4,-1,-3,-1,1,20
0.604437986207493,4,-1,-3,-1,1,24
0.755201495304905,99,-1,-3,-1,1,26
2.80875186413701,4,-1,-3,-1,3,30
0.609938183565143,2,-1,-3,-1,1,24
0.531084740740743,4,-1,-3,-1,2,17
1.29783708479888,1,-1,-3,-1,4,36
1.03225338071581,99,-1,-3,-1,5,17
0.240663527043368,99,-1,-3,-1,1,27
0.931539839592388,99,-6,-3,-6,3,48
1.320902857058,7,-1,-3,-1,1,54
0.412816318052369,99,-1,-3,-1,1,39
1.05561429496694,3,-1,-3,-1,1,25
0.733280786391386,3,-1,-3,-1,1,6
0.502131137343857,2,-1,-3,-1,1,4
1.00397679550638,3,-1,-3,-1,1,4
0.7875317758658,7,-1,-3,-1,1,1
0.613989868226532,99,-1,-3,-1,1,39
0.585269192317775,3,-1,-3,-1,1,42
0.31195235229111,3,-1,-3,-1,3,12
0.540239107874305,1,-1,-3,-1,5,34
0.79726862366169,6,-1,-3,-1,1,12
0.624276133001847,7,-1,-3,-1,1,42
0.724032683180959,2,-1,-3,-1,3,6
0.732281098201388,6,-1,-3,-1,4,17
3.03871548952843,99,-1,-3,-1,1,39
0.534435116848798,6,-1,-3,-1,1,12
3.06897774136195,6,-1,-3,-1,1,13
0.733929372248753,6,-1,-3,-1,1,45
0.679458474199385,3,-1,-3,-1,1,26
0.73305430655836,2,-1,-3,-1,1,33
0.900187350673712,5,-1,-3,-1,3,48
0.755695915084172,99,-1,-3,-1,2,6
0.732811119073567,4,-1,-3,-1,1,42
0.479429467017563,99,-1,-3,-1,2,9
1.55610832733203,7,-6,-3,-6,1,16
0.588531944672513,5,-1,-3,-1,5,16
0.608567471951091,7,-1,-3,-1,3,48
0.76570943558752,5,-1,-3,-1,1,30
1.00944832297604,6,-1,-3,-1,1,5
0.57385242263635206,3,-1,-3,-1,4,55
0.964765517757245,2,-1,-3,-1,1,48
0.368727594861023,4,-1,-3,-1,1,18
0.331826933207328,2,-1,-3,-1,1,18
1.10576091920893,2,-6,-3,-6,6,48
1.41204531998041,99,-1,-3,-1,3,12
1.72997115012462,99,-1,-3,-1,1,42
2.66487005537689,99,-6,-3,-6,2,36
0.495797210762399,4,-1,-3,-1,1,47
0.469214212745751,99,-1,-3,-1,2,45
0.69873818686154,99,-7,-3,-7,1,5
1.04895980526411,6,-6,-3,-6,1,6
0.868899329636933,6,-1,-3,-1,1,1
0.523196088614366,4,-1,-3,-1,1,16
1.3465443539215,3,-1,-3,-1,6,36
1.11805920189932,6,-1,-3,-1,1,20
1.22201805606703,99,-1,-3,-5,2,12
0.66270218185603,6,-1,-3,-1,1,51
1.38891870506266,5,-1,-3,-1,3,48
1.07919848488683,7,-1,-3,-5,1,37
0.745832003726918,4,-1,-3,-1,1,48
0.684102938810898,4,-1,-3,-1,1,39
0.651475468592185,7,-1,-3,-1,1,16
0.611141597495616,2,-1,-3,-1,1,51
1.62132058923272,99,-1,-3,-1,1,23
0.641584599259063,6,-1,-3,-1,1,20
0.400788548525324,5,-1,-3,-1,1,16
0.999032785977048,5,-1,-3,-1,1,53
0.665147607120636,99,-1,-3,-1,2,11
0.936490999305796,6,-1,-3,-1,1,24
0.433788693099052,1,-1,-3,-1,1,6
1.48172103792676,99,1,-3,-1,1,42
0.394814632225332,4,-1,-3,-1,6,25
1.08410752114833,6,-1,-3,-1,1,48
0.785292738774449,7,-1,-3,-1,1,55
0.552273487874899,7,-1,-3,-1,1,49
2.85296476240919,4,-1,-3,-1,3,6
0.710046763866435,6,-1,-3,-1,1,12
0.925602273070242,6,-1,-3,-1,5,12
0.569987211682378,99,-1,-3,-1,1,39
0.437366750387487,2,-1,-3,-1,1,26
0.612905309827041,99,-1,-3,-1,2,20
0.616377943381423,99,-1,-3,-1,4,12
0.693746596497437,99,-1,-3,-1,2,6
0.572598430290548,4,-1,-3,-1,1,49
2.84355542364624,6,-1,-3,-1,2,48
0.547911883235825,4,-1,-3,-1,1,33
0.887842494655799,2,-1,-3,-1,6,17
0.382042182171566,5,-1,-3,-1,4,34
2.18394825816776,2,-1,-3,-1,1,53
1.19962218691596,99,-1,-3,-1,1,36
0.633143866615201,5,-1,-3,-1,1,13
1.27951572511559,5,-1,-3,-1,1,8
2.04865774884014,99,-1,-3,-1,3,6
1.2267278285331,4,-1,-3,-1,1,39
1.65063824663426,3,-1,-3,-1,1,40
0.71820474652261,4,-1,-3,-1,1,13
0.997820097258285,7,-6,-3,-6,1,35
0.650372145198002,4,-1,-3,-1,6,24
0.745963785791946,7,-1,-3,-1,1,54
0.734863436318923,3,-1,-3,-1,1,19
1.20764098594186,2,-1,-3,-1,1,41
1.8481904870478,6,-1,-3,-1,1,4
1.31133404392992,3,-1,-3,-1,1,48
1.0562407159474,99,-1,-3,-1,1,20
2.59086679787362,5,-1,-3,-1,1,21
0.963662709851641,3,-1,-3,-1,6,47
0.894738944734688,5,-1,-3,-1,3,4
0.958030794337847,6,-1,-3,-1,1,47
1.52584010446478,6,-1,-3,-1,1,30
0.619929125759692,4,-1,-3,-1,3,8
0.668641337385293,6,-1,-3,-1,1,42
0.546324012009849,5,-1,-3,-1,1,12
0.641975321133947,7,-6,-3,-6,1,37
0.614769090119663,99,-1,-3,-1,3,6
0.38994274035566,6,-1,-3,-1,1,13
1.02170126391703,4,-1,-3,-1,5,40
3.15827543896946,3,-1,-3,-5,1,48
0.744185399064387,4,-1,-3,-1,2,39
3.67952342641578,99,-6,-3,-6,2,5
0.910484903674315,1,-1,-3,-1,1,48
0.288404091146202,2,-1,-3,-1,4,4
0.556383717637832,7,-1,-3,-1,1,19
0.317321334665469,4,-1,-3,-1,1,20
0.350520552281784,4,-1,-3,-1,1,47
0.380803518653742,3,-1,-3,-1,1,6
0.679273717595486,3,-1,-3,-1,1,55
1.00039321256912,3,-1,-3,-1,1,38
0.35164473808527,5,-1,-3,-1,3,48
0.591817969635306,2,-1,-3,-1,1,13
0.431304914085519,6,-1,-3,-1,1,48
1.46157338128783,99,-1,-3,-1,1,13
1.85337121230805,3,-1,-3,-1,1,36
0.842699073690797,7,-1,-3,-1,1,45
0.637702819183597,4,-1,-3,-1,1,6
0.331623090402034,5,-1,-3,-1,1,35
0.513679200654567,3,-1,-3,-1,4,25
0.645919318058793,99,-1,-3,-1,1,26
2.75350609803605,6,-1,-3,-1,1,25
0.741509587877511,5,-1,-3,-1,1,27
1.58449088293016,6,-1,-3,-1,1,25
1.47685753819827,4,-1,-3,-1,2,24
1.19819958087914,3,-1,-3,-1,1,6
1.00768915474088,3,-1,-3,-1,1,12
0.695651752453954,5,-1,-3,-1,3,26
0.711269455904054,3,-1,-3,-1,1,5
0.72542919980256,4,-1,-3,-1,1,36
1.34143285993383,6,-1,-3,-1,1,48
0.58648527128971,6,-1,-3,-1,1,9
0.716614309107794,5,-1,-3,-1,1,29
0.779764507249088,6,1,-3,-1,1,24
1.2949188488441,2,-1,-3,-1,2,17
0.566333561600531,2,-1,-3,-1,1,36
1.4716440882786,6,-1,-3,-1,1,6
1.18964657865964,6,-1,-3,-1,1,21
0.379070271307386,99,-1,-3,-1,1,51
0.649860643380703,6,-1,-3,-1,1,22
0.780627157264728,5,-1,-3,-1,5,40
0.770073652077287,5,-1,-3,-1,3,36
1.18930465112772,5,-1,-3,-1,1,47
1.33376420638702,4,-1,-3,-1,1,12
0.589938365913132,7,-1,-3,-1,1,47
0.620701359434311,4,-1,-3,-1,1,12
1.38131694492277,99,-1,-3,-1,2,37
0.61470430633094,1,-1,-3,-1,1,42
0.545228638019244,2,-1,-3,-1,1,17
1.1398805082081,6,-1,-3,-1,1,16
0.421840653881767,7,-1,-3,-1,6,8
0.7575495239806,5,-1,-3,-1,1,34
1.75982068888997,5,-1,-3,-1,1,34
0.570006343555947,5,-1,-3,-1,1,18
2.67447528051154,4,-1,-3,-1,3,48
0.734478260306345,1,-1,-3,-1,6,6
6.14682699422826,99,-1,-3,-1,3,36
0.778490737032311,5,-1,-3,-1,1,19
0.912028110219057,3,-1,-3,-1,1,6
1.34314432173403,4,-1,-3,-1,-9,12
0.334373912513886,6,-1,-3,-1,1,6
0.555462491270893,7,-1,-3,-1,1,25
1.56250308970582,3,-1,-3,-1,1,17
0.417023360136057,4,-1,-3,-1,3,11
0.351183400658435,1,-1,-3,-1,1,12
0.923983219708003,6,-1,-3,-1,1,6
1.68999766961395,2,-1,-3,-1,1,6
1.24935032672924,5,-1,-3,-1,1,42
0.541258672508453,4,-1,-3,-1,4,36
0.765725541871057,1,-1,-3,-1,1,36
1.8898244569749,4,-1,-3,-1,1,42
0.812650336976406,3,-1,-3,-1,1,53
1.54944974866588,99,-1,-3,-1,2,34
1.11358430420672,5,-1,-3,-1,1,26
0.741979498421837,2,-1,-3,-1,1,37
0.917730961822746,4,-1,-3,-1,1,26
0.459958017687328,99,-1,-3,-1,2,6
0.820382442338479,99,-1,-3,-1,1,47
0.520712638984001,99,-1,-3,-1,1,45
0.595110862464561,2,-1,-3,-1,1,24
0.363238104658863,4,-1,-3,-1,3,47
1.64745029766587,6,-1,-3,-1,4,17
0.670176459632176,3,-1,-3,-1,1,21
0.73302069082272,3,-1,-3,-1,1,29
0.549802424290923,1,-1,-3,-1,1,25
2.30402371259613,6,-1,-3,-1,1,24
0.689667122321882,4,-1,-3,-1,1,48
0.565479552026442,6,-1,-3,-1,1,39
0.693718578054642,4,-1,-3,-1,1,51
0.631592786429052,3,-1,-3,-1,1,26
0.633260412387659,5,-1,-3,-1,2,37
1.43184637427007,2,-1,-3,-1,1,21
0.696948065152166,4,-1,-3,-1,1,16
0.522268951729231,7,-1,-3,-1,1,20
1.36249192379889,99,-1,-3,-1,1,53
0.711799070978874,4,-1,-3,-1,3,36
1.3565486111508,99,-1,-3,-1,1,34
2.25674715615067,4,-1,-3,-1,1,6
1.99538152753794,99,-1,-3,-1,3,48
2.15685790649275,1,-1,-3,-1,1,26
2.4508737015996,99,-1,-3,-1,1,22
0.515677406199859,3,-1,-3,-1,1,32
2.35673408865196,99,-1,-3,-1,1,34
1.33118100621564,4,-1,-3,-1,1,12
1.50559739064946,2,-1,-3,-1,3,8
0.67437498822492,6,-1,-3,-1,1,5
0.892606602527829,2,-1,-3,-1,1,36
1.38683946596179,99,-1,-3,-1,2,39
0.60480033694572,5,-1,-3,-1,1,27
0.664763875099963,6,-1,-3,-1,1,39
0.480157495136421,6,-1,-3,-1,3,6
0.374489975609106,2,-1,-3,-1,1,17
0.459199673261705,5,-1,-3,-1,1,18
0.492810798682895,4,4,-3,-1,1,16
0.700477251313734,2,-1,-3,-1,5,25
0.935808372775746,3,-1,-3,-1,2,13
1.52251789390618,99,-1,-3,-1,1,29
0.657293303006968,6,-1,-3,-1,1,39
0.467727605808506,4,-1,-3,-1,1,12
0.894460728288389,6,-6,-3,-6,1,12
1.2038498275164,99,-1,-3,-1,2,10
0.990617448747517,4,-1,-3,-1,5,31
0.346649826656937,3,-1,-3,-1,1,18
0.367480291197761,2,-1,-3,-1,1,55
1.14141850895914,99,-1,-3,-1,2,13
2.52223257377055,99,-1,-3,-1,6,28
0.488917996889339,3,-1,-3,-1,1,24
0.629222649204969,99,-1,-3,-1,2,39
0.799059888578929,5,-1,-3,-1,1,18
1.47295410135485,3,-1,-3,-1,6,41
0.40582598925635,6,-1,-3,-1,1,34
0.508220247669344,4,-1,-3,-1,6,6
1.12377390862595,6,-1,-3,-1,1,48
0.5795480642232,5,-1,-3,-1,1,12
0.405001195607293,2,-1,-3,-1,1,53
0.837597283688518,6,-1,-3,-1,1,6
0.602166856852399,3,-1,-3,-1,1,17
0.863320569816867,4,-1,-3,-1,2,28
0.596622027712676,2,-1,-3,-1,3,25
1.87257856060073,4,-1,-3,-1,3,48
0.792799533503588,5,-1,-3,-1,1,37
0.977973096395362,2,-1,-3,-1,1,36
1.33467992881293,6,-1,-3,-1,1,53
1.36930549170135,99,-1,-3,-1,1,40
0.694413839493945,2,-1,-3,-1,1,1
1.98805288551028,99,-1,-3,-1,1,13
0.329182769949078,99,-1,-3,-1,1,17
1.62759222795029,7,-1,-3,-1,1,22
2.8439991692205,5,-1,-3,-1,3,19
0.308133295258712,-9,-1,-3,-1,1,36
2.0480011820216,4,-1,-3,-1,2,21
0.507147323392911,7,-1,-3,-1,4,6
0.575936193227547,5,-1,-3,-1,6,39
0.361485571781372,2,-1,-3,-1,1,37
1.06536904392046,99,-1,-3,-1,4,17
0.957616940778106,4,-1,-3,-1,3,48
0.361173438249543,1,-1,-3,-1,1,35
0.685194496528927,1,-1,-3,-1,5,28
0.640698101648406,2,-1,-3,-1,1,8
0.44279551830633,7,-1,-3,-1,1,48
0.457985482895598,6,-1,-3,-1,1,55
0.643063306405811,6,-1,-3,-1,1,12
0.87635305282495,6,-1,-3,-1,1,20
0.709719170390561,2,-6,-3,-6,3,25
0.474557205326452,5,-1,-3,-1,-9,55
0.619348840480635,7,-1,-3,-1,3,13
0.363745045096884,1,-1,-3,-1,1,6
0.473335586049459,7,-1,-3,-1,1,55
0.633007100660839,6,-1,-3,-1,1,48
1.0810344542666,4,-1,-3,-1,2,51
1.13406021178361,4,-6,-3,-6,1,28
0.695067882800736,4,-1,-3,-1,1,17
0.312602001264108,99,-6,-3,-6,1,26
0.897072667053608,2,-1,-3,-1,2,45
0.733871505703262,6,-1,-3,-1,1,5
0.912503113396197,2,-1,-3,-1,1,37
1.57482841804819,6,-6,-3,-6,1,5
1.39159070800919,4,-7,-3,-7,2,26
2.01349410602983,4,-1,-3,-1,3,12
0.353596822017538,2,-6,-3,-6,3,48
3.44704081716357,2,-1,-3,-1,3,6
0.403653423824792,6,-1,-3,-1,1,51
0.404559562850864,6,-1,-3,-1,1,20
1.28401040308818,6,-1,-3,-1,1,37
1.59807949251845,99,-1,-3,-1,3,25
0.631832163800984,6,-1,-3,-1,1,17
0.507378778162843,5,-1,-3,-1,1,8
1.39418735082462,4,-1,-3,-1,1,48
0.96533468652557,7,-1,-3,-1,4,48
1.27503746138439,6,-1,-3,-1,1,1
0.441451754248718,99,-1,-3,-1,2,42
1.49378862671267,5,-1,-3,-1,6,34
2.50495361406022,99,-1,-3,-1,2,13
0.695385655544951,4,-1,-3,-1,3,12
1.43122978754071,4,-1,-3,-1,4,6
0.697030696750613,5,-1,-3,-1,4,36
1.15500073121335,99,-1,-3,-1,1,29
1.05679246199107,3,-1,-3,-1,4,6
1.29605975739536,7,-1,-3,-1,1,12
2.80339607958621,7,-1,-3,-1,1,39
0.589093518087913,6,-1,-3,-1,3,4
0.662347307072185,3,-6,-3,-6,6,39
1.01801824725709,4,-1,-3,-1,1,6
0.997754956446077,6,-1,-3,-1,6,20
0.949068756893721,6,-1,-3,-1,1,42
0.970847940999765,3,-1,-3,-1,2,24
0.644770557594274,6,-1,-3,-1,1,39
0.35730492867417,2,-1,-3,-1,1,6
0.515594807932905,6,-1,-3,-1,1,47
1.48400297985448,99,-1,-3,-1,1,42
0.612854226949238,3,-1,-3,-1,2,17
1.31070778838099,99,-1,-3,-1,1,31
1.04008373446366,7,-1,-3,-1,6,12
0.440829258386624,1,-1,-3,-1,1,18
0.718785504722094,2,-1,-3,-1,1,45
0.960773140616612,4,-1,-3,-1,1,51
0.60185682253128,3,-1,-3,-1,1,27
0.984214811593405,99,2,-3,-1,1,42
1.34906849731376,6,-1,-3,-1,1,6
0.398572377966123,2,-1,-3,-1,1,25
0.34714756053438,1,-1,-3,-1,1,12
0.336483881642935,4,-1,-3,-1,1,27
0.62152539024044,99,-1,-3,-1,-9,8
0.615720183772754,6,-1,-3,-1,1,48
3.9300210013532,99,-1,-3,-1,2,13
0.380241132176093,7,-1,-3,-1,1,41
1.3541516466209,7,-1,-3,-1,1,13
0.631049478760078,6,-1,-3,-1,1,18
2.18022063809245,4,-1,-3,-1,1,42
1.20562088195969,4,-1,-3,-1,3,6
1.48490566473673,6,-1,-3,-1,1,42
0.474639929261926,4,-1,-3,-1,1,54
0.33285359108046,99,-1,-3,-1,6,36
0.547910979525083,6,-1,-3,-1,1,24
1.23001842623541,6,-1,-3,-1,1,40
0.947409568168351,99,-1,-3,-1,2,12
0.807329256125797,4,-1,-3,-1,1,18
1.02484322880417,6,-1,-3,-1,1,51
0.564147733428238,1,-1,-3,-1,3,6
0.376125978131459,7,-1,-3,-1,1,48
0.723377558251669,5,-1,-3,-1,1,9
3.18889666539239,99,-1,-3,-1,2,12
2.28940946908361,4,-6,-3,-6,1,48
0.445577647898632,6,-1,-3,-1,1,12
1.42657613413879,6,-1,-3,-1,1,41
0.812650336976406,1,-1,-3,-1,1,41
0.766626078856976,4,-1,-3,-1,1,9
1.2259855613616,6,-1,-3,-1,1,26
0.600229472847033,6,-7,-3,-7,1,31
0.823788641978215,2,-1,-3,-1,1,8
0.737925938156067,3,-1,-3,-1,1,8
0.501230626849635,6,-1,-3,-1,1,36
0.574038800561552,3,-1,-3,-1,1,17
1.54226063372051,6,-1,-3,-1,1,4
0.273781556430358,3,-1,-3,-1,1,36
2.01743644993601,2,-1,-3,-1,1,47
0.578335141079056,3,-1,-3,-1,1,6
0.921671914601274,6,-1,-3,-1,1,22
0.548988352593107,6,-1,-3,-1,1,36
0.852136856868921,6,-1,-3,-1,1,6
0.54853771661938,7,-1,-3,-1,1,38
1.60772343028523,6,-1,-3,-1,1,20
0.488673127872499,2,-1,-3,-1,1,6
0.846941823970188,1,-1,-3,-1,1,36
0.535825292561135,99,-1,-3,-1,2,13
0.629661787735021,2,-1,-3,-1,1,8
0.328902472291446,2,-1,-3,-1,1,37
0.366609097204925,7,-1,-3,-1,1,25
0.570488247395128,99,-1,-3,-1,2,39
0.413997188620798,7,-1,-3,-1,1,28
0.853280217085216,7,-1,-3,-1,1,37
1.53452492785848,2,-1,-3,-1,3,13
0.327775209291946,6,-1,-3,-1,1,45
0.66567255975084,2,-1,-3,-1,1,39
1.48706419341762,4,-6,-3,-6,1,27
1.23025251240986,3,-1,-3,-1,1,45
0.357786186291362,4,-1,-3,-1,1,17
0.828750842023156,3,-1,-3,-1,5,36
0.357061871032216,4,-1,-3,-1,1,51
0.381963431410539,2,-1,-3,-1,4,6
0.716029758486696,6,-1,-3,-1,1,55
0.816869085040757,6,-1,-3,-1,1,15
0.731772233707708,2,-1,-3,-1,1,17
0.797519692147471,99,-1,-3,-1,1,21
0.658048044096711,99,-1,-3,-1,3,32
0.52364811349706,99,-1,-3,-1,1,12
0.954754478877913,6,-1,-3,-1,1,41
1.41600183479087,5,-1,-3,-1,5,48
0.322724283482728,3,-1,-3,-1,1,39
0.412495446912668,2,-1,-3,-1,1,6
0.814329351066792,6,-1,-3,-1,3,12
0.394907559538047,2,-1,-3,-1,3,48
1.45205839125754,5,-6,-3,-6,3,21
0.326022389263807,3,-1,-3,-1,1,26
0.810560275145332,5,-1,-3,-1,1,51
0.597303273958995,6,-1,-3,-1,1,48
0.461047475554965,99,-1,-3,-1,3,13
1.31027313556292,2,-1,-3,-1,1,42
2.9815570145404102,5,-1,-3,-1,3,48
0.423769971466943,4,-1,-3,-1,1,8
1.44620874970179,99,-1,-3,-1,1,42
0.684946494519448,4,-1,-3,-1,1,55
1.66955191770071,4,-1,-3,-1,3,48
0.571754335724024,6,-1,-3,-1,1,37
0.807893645527035,4,-1,-3,-1,1,27
0.418905330253356,4,-1,-3,-1,1,41
0.777915752556247,99,-1,-3,-1,1,24
0.558261475298431,6,-1,-3,-1,1,39
0.734761814223238,6,-1,-3,-1,1,36
0.450583207599777,6,-1,-3,-1,6,35
1.27901325150743,2,-1,-3,-1,1,36
0.838228024494056,6,-1,-3,-1,1,27
0.694538532550795,6,-1,-3,-1,1,19
0.360761739158076,99,-1,-3,-1,1,42
0.961607272378663,99,-1,-3,-1,1,36
3.42183372274331,2,-1,-3,-1,1,36
1.94524789497247,4,-6,-3,-6,1,18
0.647659634897544,4,-7,-3,-7,1,49
0.762724290361534,6,-1,-3,-1,1,6
1.66237380901818,99,-1,-3,-1,1,17
1.20394670416702,2,-1,-3,-1,1,16
0.677049097448974,6,-1,-3,-1,1,16
0.688458665642783,4,-1,-3,-1,5,48
0.752366729693851,4,-1,-3,-1,1,28
0.323200479304517,99,-1,-3,-1,2,17
0.344558890224585,4,-7,-3,-7,4,6
0.84559460680638,99,-1,-3,-1,1,17
0.399281898451713,99,-1,-3,-1,1,48
0.75545359897674,3,-1,-3,-1,1,36
4.21484929776509,1,-1,-3,-1,1,25
0.849225425473492,4,-1,-3,-1,2,26
0.337152061382092,2,-1,-3,-1,1,22
0.700167341134649,2,-1,-3,-1,1,6
1.46461155967446,3,-1,-3,-1,2,1
0.711356876880164,1,-1,-3,-1,1,28
2.54769255499905,6,-1,-3,-1,3,9
0.901296265566158,99,-1,-3,-1,2,45
0.935140171563736,99,-1,-3,-1,2,6
0.418841503640813,2,-1,-3,-1,1,16
1.25103502101946,6,-1,-3,-1,3,49
1.26794001899137,3,-1,-3,-1,1,13
0.493758970336851,5,-1,-3,-1,1,38
0.740865044648968,1,-1,-3,-1,1,9
0.411773695108234,2,-1,-3,-1,1,17
1.86398853693159,4,-1,-3,-1,1,51
1.71468631032728,5,-1,-3,-1,6,8
1.52925945663896,6,-1,-3,-1,3,38
1.14583494627622,1,-1,-3,-1,1,26
0.958009334070499,7,-6,-3,-6,1,42
3.72655522230069,3,-7,-3,-7,1,6
0.724808456045637,7,-1,-3,-1,1,22
0.999109611265695,6,-1,-3,-1,2,47
0.42647698672001,2,-1,-3,-1,1,6
2.61173875857317,5,-1,-3,-1,3,25
0.728492726730928,6,-1,-3,-1,1,12
0.716748149928931,4,-1,-3,-1,1,31
2.57182467454423,7,-1,-3,-1,1,4
2.56633151646896,6,-1,-3,-1,1,51
0.624884776284168,5,-1,-3,-1,1,47
0.89081264104828,2,-1,-3,-1,1,12
0.863402810763654,5,-6,-3,-6,1,47
0.414196818064219,99,-1,-3,-1,1,6
1.93837265949536,4,-1,-3,-1,1,26
0.583353937829999,4,-1,-3,-1,1,27
1.27749985594008,6,-1,-3,-1,1,26
1.12772169534832,6,-1,-3,-1,3,32
0.719345596871214,6,-1,-3,-1,1,17
1.26783229683963,2,-1,-3,-1,3,36
1.08915532705028,4,-1,-3,-1,1,26
0.803477960018464,7,-1,-3,-1,1,47
2.0572360976603,6,-1,-3,-1,1,1
0.745864262306722,2,-1,-3,-1,3,35
0.685810777485101,4,-1,-3,-1,1,17
1.43831376294423,2,-1,-3,-1,6,53
0.595066525020267,99,-1,-3,-1,2,18
0.499601108944988,5,-1,-3,-1,1,39
2.10836907569687,4,-1,-3,-1,3,6
1.37327525511262,99,-1,-3,-1,1,21
2.50332113083921,4,-1,-3,-1,1,17
0.961476711928175,4,-1,-3,-1,2,50
0.548877399960269,6,-1,-3,-1,1,17
1.55072953449348,4,-1,-3,-1,1,12
0.896063923580999,2,-1,-3,-1,1,55
1.17706367644359,7,-1,-3,-1,1,37
1.07526922814431,4,-1,-3,-1,6,5
0.518434115004836,7,-1,-3,-1,1,29
1.78899040913067,99,-1,-3,-1,2,1
1.09407840300885,3,-1,-3,-1,2,28
0.485368131760099,7,-1,-3,-1,1,42
0.463165410391963,7,-1,-3,-1,1,1
0.787267137837291,5,-1,-3,-1,1,8
0.622138317882722,7,-6,-3,-6,1,22
1.48248952613692,99,-1,-3,-1,1,47
0.410248079193961,1,-1,-3,-1,1,5
1.62483997899544,6,-1,-3,-1,1,53
0.559164598488277,4,-1,-3,-1,1,42
0.719931747699787,5,-1,-3,-1,2,6
4.60211659173522,4,-1,-3,-1,1,12
0.677375039781469,99,-1,-3,-1,2,39
1.17232419944401,3,-1,-3,-1,1,36
0.327413430489368,5,-6,-3,-6,1,31
0.296525697611527,6,-1,-3,-1,1,48
0.488785051562846,3,-1,-3,-1,1,12
0.700045547078679,4,-1,-3,-1,1,42
1.69072387440707,99,-1,-3,-1,5,48
1.4535045670686,6,-1,-3,-1,2,48
0.397309234091551,5,-1,-3,-1,1,12
0.597948223594031,2,-1,-3,-1,1,6
0.700734793849352,2,-1,-3,-1,1,16
0.834065324423471,99,-1,-3,-1,1,4
1.47236966168988,99,-1,-3,-1,3,25
1.34316192508292,6,-1,-3,-1,1,27
0.630169672306483,5,-1,-3,-1,1,27
0.416869090396842,6,-1,-3,-1,1,37
0.71026535820436,3,-6,-3,-6,3,25
1.28287467580684,99,-1,-3,-1,1,46
0.482924884281657,5,-1,-3,-1,1,9
0.713567652003781,4,-1,-3,-1,1,6
0.53862050250947,2,-1,-3,-1,3,6
1.33188063208761,6,-6,-3,-6,1,53
0.868534901352823,3,-1,-3,-1,3,48
1.41967756490129,6,-1,-3,-1,1,51
1.34008187377597,2,-6,-3,-6,3,42
0.787045558051744,3,-1,-3,-1,1,55
0.943018518316239,3,-6,-3,-6,1,27
0.323996806076863,4,-1,-3,-1,1,27
0.628641904679322,3,-1,-3,-1,1,55
0.348667322173058,99,-1,-3,-1,1,26
1.52541342952466,7,-1,-3,-1,1,24
1.90343914628608,6,-1,-3,-1,1,20
1.34810697793065,4,-1,-3,-1,1,37
0.964318190041108,99,-1,-3,-1,1,34
4.70804637951165,4,-1,-3,-1,1,8
0.337449420931224,2,-6,-3,-6,1,49
1.00641525467862,4,-1,-3,-1,3,6
1.40499608251136,99,-1,-3,-1,3,24
0.165410269777456,4,-1,-3,-1,1,20
1.32689572590469,99,-1,-3,-1,1,10
1.75080379721775,5,-1,-3,-1,3,35
2.95749557716154,2,-1,-3,-1,6,4
1.59359662694117,7,-1,-3,-1,1,19
0.437470332562651,1,-7,-3,-7,2,37
1.83060886953668,4,-1,-3,-1,1,37
3.18929591937677,99,-1,-3,-1,4,6
0.550480731166276,7,-1,-3,-1,6,41
0.649696922531404,4,-1,-3,-1,2,12
0.55985708148953806,5,-1,-3,-1,3,12
0.35470012451106,6,-1,-3,-5,1,12
1.28908758412444,4,-1,-3,-1,1,49
0.52305208263946,5,-1,-3,-1,1,39
1.78215509971341,6,-1,-3,-1,1,27
1.51090346302839,99,-1,-3,-1,3,48
0.324203129938163,2,-1,-3,-1,1,17
0.604667765809741,3,-1,-3,-1,5,29
1.23191631015782,5,-1,-3,-1,1,17
3.25129934675255,99,-1,-3,-1,1,48
1.40332348751981,4,2,-3,-1,1,22
1.71122285739515,99,-1,-3,-1,1,17
1.17131814334421,2,-1,-3,-1,1,12
0.699103812676852,4,-1,-3,-1,3,48
0.573825375635808,1,-1,-3,-1,1,10
0.747351731114311,4,-1,-3,-1,1,16
0.312991590168028,2,-1,-3,-1,2,39
0.796015572600518,99,-1,-3,-1,1,17
3.78493789268278,6,-1,-3,-1,1,51
0.330780132935865,3,-1,-3,-1,2,48
0.543717897573396,4,-1,-3,-1,2,28
1.38359885092056,2,-1,-3,-1,3,48
0.77434267628581,6,-1,-3,-1,1,18
1.46932981849274,6,-1,-3,-1,1,25
0.643371701356672,4,-1,-3,-1,1,29
1.76663903074028,2,-1,-3,-1,2,6
3.7162071436034,3,-7,-3,-7,2,12
2.00938715570466,99,-1,-3,-1,1,5
0.576195486912909,4,-1,-3,-1,6,39
0.484733881165966,6,-1,-3,-1,1,47
0.254476260852849,2,-1,-3,-1,6,9
1.85157162751019,99,-1,-3,-1,2,22
1.18413439613484,99,-1,-3,-1,2,48
0.770065354115852,3,-7,-3,-7,3,12
2.77689007651123,7,-1,-3,-1,1,32
0.772270813565511,2,-1,-3,-1,1,1
0.734961663111769,5,-1,-3,-1,1,36
0.874214516565257,6,-1,-3,-1,-9,22
0.863962688523489,6,-1,-3,-1,1,55
0.696167684988288,3,-1,-3,-1,1,6
1.65742886205287,7,-6,-3,-6,3,8
4.73039530233145,4,-1,-3,-1,1,49
1.69622237177099,99,-1,-3,-1,1,18
0.580286944107124,6,-1,-3,-1,1,36
0.566333561600531,4,-1,-3,-1,1,34
1.7380627409579,5,-1,-3,-1,1,53
2.6315085584312,99,-1,-3,-1,1,35
0.672500920051849,2,-1,-3,-1,1,51
0.864289172667497,2,-1,-3,-1,1,6
0.823565633769022,4,-1,-3,-1,3,6
1.36643323738055,4,-1,-3,-1,1,50
1.16155879154216,99,-1,-3,-1,2,37
2.06885013459732,99,-6,-3,-6,1,47
1.48895489449736,3,-1,-3,-1,3,18
0.808666156225931,7,-6,-3,-6,1,37
0.592862441476221,3,-1,-3,-1,2,6
0.816174475486129,6,-1,-3,-1,6,5
0.343403416139051,4,-1,-3,-1,1,37
0.784986899951491,4,-1,-3,-1,1,4
2.05174835111495,6,-6,-3,-6,1,16
1.21245176264539,1,-1,-3,-1,1,47
2.56777440722348,99,-1,-3,-1,3,17
0.935538272380591,6,-1,-3,-1,1,18
1.09210018932058,6,-1,-3,-1,1,12
0.712529901672162,3,-1,-3,-1,1,55
0.280807006593842,1,-1,-3,-1,1,56
0.775025488575439,2,-1,-3,-1,1,9
0.734670018659516,4,-1,-3,-5,4,34
0.897525083152261,6,-1,-3,-1,1,55
0.946985954922171,6,-1,-3,-1,1,21
0.664750676648071,6,-1,-3,-1,1,21
1.20683172054953,5,-1,-3,-1,1,48
0.799799009260491,1,-1,-3,-1,1,8
0.890865071221584,2,-1,-3,-1,1,41
0.583229153161884,2,-1,-3,-1,1,47
0.370043201274464,2,-1,-3,-1,1,12
0.87769855445123,6,2,-3,-1,1,6
0.943802993937422,6,-1,-3,-1,1,21
0.304096154250855,4,-1,-3,-1,1,23
0.882281678192765,7,-6,-3,-6,1,53
0.808552695690956,99,-1,-3,-1,1,26
0.846769822741989,4,-1,-3,-1,3,48
2.24805913408889,5,-6,-3,-6,1,31
0.760534906696591,3,-1,-3,-1,1,56
3.18342424088279,2,-1,-3,-1,3,18
0.630280317126757,2,-1,-3,-1,1,6
0.862707425519339,5,-1,-3,-1,1,34
1.32944957271581,4,-1,-3,-1,1,36
0.645228480703255,5,-1,-3,-1,1,42
0.935890974458008,7,-1,-3,-1,1,6
0.845584048656002,1,-1,-3,-1,1,16
1.30956041183125,4,-1,-3,-1,2,6
0.674389207199815,4,-1,-3,-1,6,6
0.576786190211957,5,-1,-3,-1,1,37
2.83407603912365,99,-1,-3,-1,3,48
1.34607098052198,4,-1,-3,-1,1,22
0.245629986643198,3,-1,-3,-1,1,12
1.8026035352013,3,-6,-3,-6,1,47
0.698331780010678,6,-1,-3,-1,1,42
0.885662999645367,2,-1,-3,-1,1,39
1.55041385623559,5,-1,-3,-1,1,18
0.315173213416542,5,-1,-3,-1,1,47
1.26049730960165,99,-1,-3,-1,1,37
1.51715261519358,3,-1,-3,-1,1,8
1.17245834269412,3,-1,-3,-1,1,39
0.982794637425032,4,-1,-3,-1,1,39
0.756424281770714,6,-1,-3,-1,1,24
1.4817920551948,6,-1,-3,-1,3,12
0.606972846939175,6,-1,-3,-1,1,51
0.98227216542155,3,-1,-3,-1,1,21
0.273717956875069,6,-1,-3,-1,1,48
1.40165328882666,99,-1,-3,-1,1,42
0.499953394954237,99,-7,-3,-7,1,41
1.5716956994829,6,-6,-3,-6,1,6
0.966319892461415,6,-1,-3,-1,1,36
2.22971125236836,3,-1,-3,-1,2,48
0.365458364490466,4,-1,-3,-1,1,12
1.468649621547,6,-1,-3,-1,1,1
1.32855652924382,3,-1,-3,-1,1,24
0.703921481267853,4,-1,-3,-1,1,48
0.26998099144397,1,-1,-3,-1,1,29
0.386872296586032,1,-1,-3,-1,4,6
1.59866174720667,6,-1,-3,-1,1,19
0.868981300176302,7,-1,-3,-1,1,12
1.56238857692848,1,-1,-3,-1,2,32
1.26140109838994,4,-1,-3,-1,3,6
0.56406572487939,2,-1,-3,-1,1,25
0.488995126774594,6,-1,-3,-1,1,42
0.68926625034482,1,-1,-3,-1,1,6
1.3067002718221301,2,-1,-3,-1,6,48
0.981047396231287,6,-1,-3,-1,1,12
0.419012924092181,7,-6,-3,-6,3,45
0.941700901401111,4,-1,-3,-1,3,6
0.361415421915923,6,-6,-3,-6,1,47
2.42007747249704,3,-1,-3,-1,1,29
0.80472901332484,6,-1,-3,-1,1,22
0.50630639571381,3,-1,-3,-1,1,53
3.30981978473175,6,-1,-3,-1,4,25
0.578454545558132,6,-1,-3,-1,6,51
0.341803173914285,6,-1,-3,-1,2,17
0.730882192105591,5,-1,-3,-1,1,47
0.790101421631527,6,-1,-3,-1,1,39
0.515762119136739,99,-1,-3,-1,1,39
0.823793854587644,6,-6,-3,-6,1,39
0.453728022602457,2,-1,-3,-1,1,6
0.804425757323851,6,-1,-3,-1,1,48
0.60934615325656,3,-1,-3,-1,1,6
0.605653125437992,6,-1,-3,-1,1,42
0.731648289787985,4,-1,-3,-1,1,24
1.50904144223118,5,-1,-3,-1,1,17
0.255328417187767,2,-1,-3,-1,6,39
0.444719401099895,2,-1,-3,-1,1,17
3.71420739333724,4,-1,-3,-1,2,36
0.563599790850312,6,-1,-3,-1,1,13
1.18984576541665,99,-1,-3,-1,2,26
2.14966292211949,4,-1,-3,-1,3,12
0.735422816422366,99,-1,-3,-1,4,6
1.56422650337658,4,-1,-3,-1,1,34
0.349268658887988,4,-1,-3,-1,1,24
1.15957002411226,6,-1,-3,-1,1,36
0.782035965911716,6,-1,-3,-1,1,48
0.488766705506493,4,-1,-3,-1,3,48
0.718044535089334,2,-1,-3,-1,1,16
1.49449473190039,5,-1,-3,-1,1,48
0.309728198760065,3,-1,-3,-1,3,35
1.6972959409727,3,-1,-3,-1,1,34
1.49747063361077,5,-1,-3,-1,5,38
0.410916195821119,3,-1,-3,-1,3,48
0.738092040095541,4,-1,-3,-1,1,53
0.48266668199313,4,-1,-3,-1,1,33
0.573838037087172,2,-1,-3,-1,1,20
0.546193908689025,6,-1,-3,-1,1,6
0.333225393164211,5,-1,-3,-1,1,17
0.505868825774539,2,-1,-3,-1,1,55
1.66549897452867,6,-1,-3,-1,-9,35
0.836256537634549,1,-1,-3,-1,6,25
0.414887122225222,2,-1,-3,-1,1,33
0.379853858326218,6,-1,-3,-1,3,6
0.534766705441367,1,-1,-3,-1,2,12
1.74518053355887,3,-6,-3,-6,1,17
0.832137562400844,2,-1,-3,-1,1,6
0.652439301388639,7,-1,-3,-1,1,18
0.866293701336639,6,-1,-3,-1,1,6
0.585328646155573,6,-1,-3,-1,1,48
1.19648321271498,99,-1,-3,-1,1,36
0.877025627826377,99,-1,-3,-1,1,18
0.479964755648525,4,-1,-3,-1,2,9
0.378320846590424,1,-1,-3,-1,1,12
0.416049323660273,5,-1,-3,-1,1,12
0.612073318318572,5,-1,-3,-1,3,24
1.21600574517125,4,-1,-3,-1,-9,13
1.07100183912219,4,-1,-3,-1,3,42
0.237542846901809,2,-1,-3,-1,3,6
0.652013025994642,6,-1,-3,-1,1,21
1.26235468334505,6,-1,-3,-1,1,27
1.27749985594008,6,-1,-3,-1,1,26
1.6530566959576,1,-1,-3,-1,1,24
0.844757366806579,3,-1,-3,-1,2,17
0.616780787243666,6,-1,-3,-1,1,13
1.19913331366113,6,-1,-3,-1,1,12
0.754173222404235,4,-1,-3,-1,1,24
1.98456689806836,6,-1,-3,-1,1,48
1.07569772356007,2,-1,-3,-1,1,39
1.000495065805,4,-1,-3,-1,1,20
0.388293907960052,6,-1,-3,-1,1,18
1.94533472295213,4,-1,-3,-1,1,21
0.747605498529506,99,-1,-3,-1,1,26
0.442938472069683,99,-1,-3,-1,4,48
0.580446014759651,6,-1,-3,-1,3,48
0.521681410588181,6,-1,-3,-1,1,31
0.414743254666963,4,-1,-3,-1,1,12
0.372800489017818,3,-1,-3,-1,1,46
0.750448089914864,1,-1,-3,-1,1,13
0.566400574143565,5,-1,-3,-1,1,26
1.92838908397725,2,-1,-3,-1,1,36
0.994206752552709,2,-1,-3,-1,1,6
0.69847279036124,4,-1,-3,-1,1,48
1.94829922399424,6,-1,-3,-1,3,26
0.689566545819251,6,-1,-3,-1,1,39
0.430035418997316,99,-1,-3,-1,1,29
0.731546948273822,4,-1,-3,-1,1,40
0.820568767251858,2,-1,-3,-1,1,6
0.581846595670527,3,-1,-3,-1,2,22
0.837896403253412,4,1,-3,-1,3,12
1.15213038610192,2,-1,-3,-1,1,42
1.02309793930001,4,-1,-3,-1,2,37
0.621461840449365,6,-1,-3,-5,1,29
0.801702157853031,7,-1,-3,-1,1,32
2.50251604423002,6,-1,-3,-1,1,42
0.663933018147118,3,-1,-3,-1,1,26
1.03288826528246,4,-1,-3,-1,1,42
2.89083125636356,5,-1,-3,-1,3,6
0.364372561101733,4,-1,-3,-1,2,26
0.946980348815805,6,-1,-3,-1,4,48
0.341803173914285,2,-1,-3,-1,6,26
1.42439060233571,99,-6,-3,-6,1,47
0.686585048903752,99,-1,-3,-1,1,49
1.28163641372419,6,-6,-3,-6,1,47
2.17377323325873,99,-1,-3,-1,2,39
0.327171326734155,4,-1,-3,-1,1,17
1.28097600140402,5,-1,-3,-1,6,34
1.97415636575848,6,-1,-3,-1,3,53
0.868248409961618,5,-1,-3,-1,1,6
2.19822561054256,1,-1,-3,-1,1,45
1.619667337816,7,-1,-3,-1,1,13
1.27881113629685,6,-1,-3,-1,1,19
1.22376228841358,6,-1,-3,-1,3,12
0.586726308744762,6,-1,-3,-1,1,39
0.945141444368174,99,-1,-3,-1,3,32
0.711116951485636,6,-1,-3,-1,1,4
0.624714859220098,6,-1,-3,-1,1,47
0.624714859220098,6,-1,-3,-1,1,48
3.74946305103604,4,-1,-3,-1,1,42
0.57429699876607,6,-6,-3,-6,1,20
3.38553237324319,99,-1,-3,-1,1,25
0.494465913870611,1,-1,-3,-1,6,36
0.553907250859617,2,-1,-3,-1,3,12
0.823177540866006,7,-1,-3,-1,5,13
0.623677332810059,6,-1,-3,-1,1,17
0.885702473316844,2,-1,-3,-1,1,6
0.951266049694887,6,-1,-3,-1,1,5
0.693084183102154,7,-1,-3,-1,1,39
0.527433004977883,99,-1,-3,-1,3,6
0.620622751470008,3,-1,-3,-1,1,4
0.575342214674729,2,-1,-3,-1,1,25
0.957222897360007,4,-6,-3,-6,1,22
0.826545601186705,2,-1,-3,-1,2,32
0.899723373341682,6,-1,-3,-1,1,28
1.63588895024969,4,-1,-3,-1,3,48
0.388596839018715,2,-1,-3,-1,1,48
0.761200086762732,3,-1,-3,-1,2,17
0.314761659342255,2,-1,-3,-1,1,55
0.417254541821983,2,-1,-3,-1,1,17
0.489560199841499,3,-1,-3,-1,1,30
0.551656793918717,99,-1,-3,-1,-9,13
1.05510655052873,6,-6,-3,-6,1,22
1.92376926819403,99,-1,-3,-1,1,4
1.20898485194262,3,-1,-3,-1,1,51
0.784221576932501,6,-1,-3,-1,1,42
0.763207105172103,2,-1,-3,-1,1,53
0.459311053107764,6,-1,-3,-1,1,6
0.640029071823041,6,-1,-3,-1,1,49
0.52819990061254,4,-1,-3,-1,1,49
1.26287596924632,1,-1,-3,-1,2,45
0.782171978607234,1,-1,-3,-1,1,11
3.93073520462655,4,-1,-3,-1,3,6
1.07498368371645,7,-1,-3,-1,1,48
2.86046335513157,4,-1,-3,-1,1,48
0.675511490917535,3,-1,-3,-1,3,35
0.601524098175524,4,-1,-3,-1,3,17
1.49279290300374,5,-1,-3,-1,1,34
0.576327744149855,6,-1,-3,-1,1,18
0.645195189934816,3,-1,-3,-1,1,1
0.707797087060571,7,-1,-3,-1,1,45
1.13303936296189,99,-1,-3,-1,1,47
0.644870946322284,3,-1,-3,-1,1,26
0.322811743464485,3,-1,-3,-1,1,26
0.570006343555947,6,-1,-3,-1,1,39
0.554138349337556,6,-1,-3,-1,1,13
0.708758473831305,4,-1,-3,-1,1,6
0.939801829764938,99,-1,-3,-1,1,12
0.683170749190296,5,-1,-3,-1,1,23
1.73050210777309,1,-1,-3,-1,1,36
0.404814402666359,99,-1,-3,-1,1,18
0.991231559697852,4,-1,-3,-1,4,36
2.51895976696421,5,-1,-3,-1,1,39
1.99252349230554,1,-1,-3,-1,1,48
0.549671485380176,2,-1,-3,-1,1,27
1.32423658291956,4,-1,-3,-1,1,47
0.757128187450446,3,-1,-3,-1,1,22
1.62029944852902,3,-1,-3,-1,1,40
1.8348448587904,99,-1,-3,-1,1,45
0.761733449077693,4,-6,-3,-6,1,47
0.426715095696279,99,-6,-3,-6,1,40
1.36110146417791,6,-1,-3,-1,1,6
1.01645154397504,2,-1,-3,-1,1,26
0.454200055249309,2,-1,-3,-1,2,12
0.813586659471707,5,-1,-3,-1,3,24
0.600476611835976,3,-1,-3,-1,1,37
1.42465693013228,5,-1,-3,-1,1,17
0.709198332412816,3,-1,-3,-1,5,39
1.88424274782642,99,-1,-3,-1,1,49
1.37514800720218,4,-1,-3,-1,1,37
0.377260889552124,6,-1,-3,-1,1,6
0.597028840013757,4,-1,-3,-1,1,50
0.915825196086912,2,-1,-3,-1,1,21
0.729286651845339,99,-1,-3,-1,1,12
1.04502887975703,99,-1,-3,-1,6,27
1.32258108522821,6,-1,-3,-1,1,16
0.679514048405711,4,-1,-3,-1,4,12
0.843217887640045,1,-1,-3,-1,1,11
0.757991207025072,4,-1,-3,-1,1,20
0.709587981634333,5,-1,-3,-1,1,25
1.22208900959406,2,-1,-3,-1,1,53
0.487996110631375,1,-1,-3,-1,1,37
0.595279467423761,3,-1,-3,-1,1,55
1.61519076009347,3,-1,-3,-1,1,8
0.373131414717515,99,-1,-3,-1,2,37
0.533926871816878,4,-1,-3,-1,1,26
1.0493272093795,2,-1,-3,-1,1,40
0.671505017607625,2,-1,-3,-1,1,55
1.39860931931281,4,-1,-3,-1,1,46
0.365189325148617,2,-1,-3,-1,1,26
0.98701613549216,4,-1,-3,-1,1,47
1.1209820882872,7,-1,-3,-1,1,48
1.67765285407696,4,-1,-3,-1,1,41
1.44025787943937,99,-1,-3,-1,3,53
0.392784432227009,99,-1,-3,-1,1,21
0.652439301388639,7,-1,-3,-1,1,45
6.18850104059793,2,-1,-3,-1,2,13
2.48972954468079,6,-1,-3,-1,3,4
0.716748149928931,2,-1,-3,-1,1,29
1.39710664729296,1,-1,-3,-1,1,19
0.580158785518108,1,-1,-3,-1,1,6
1.51687848619745,6,-1,-3,-1,1,13
0.613617942927469,99,-1,-3,-1,1,27
1.34065320651332,6,-1,-3,-1,1,37
0.54402464465835,1,-1,-3,-1,1,41
1.088640033468,7,-1,-3,-1,1,13
0.916145765008134,3,-1,-3,-1,1,26
3.57533037104244,2,-1,-3,-1,1,20
0.691428075054282,2,-1,-3,-1,6,26
1.17816085331427,7,-1,-3,-1,1,37
1.57492987600843,99,-6,-3,-6,1,5
1.64032761021653,1,-1,-3,-1,5,6
0.530880432308641,6,-1,-3,-1,1,8
1.85229897265496,99,-6,-3,-6,2,36
1.54973273960116,7,-1,-3,-1,1,51
1.15172328783392,2,-1,-3,-1,1,29
0.736204057977136,6,-1,-3,-1,1,48
3.91720010114197,6,4,-3,-1,1,49
3.49357257222561,6,-6,-3,-6,1,28
0.38209922245618,2,-1,-3,-1,1,51
0.964480311046786,5,-1,-3,-1,1,23
0.407713183413904,5,-1,-3,-1,1,17
0.603118810284004,2,-1,-3,-1,1,37
0.711218489433456,2,-7,-3,-7,4,17
0.749304262868054,3,-1,-3,-1,1,53
2.51041824859122,2,-1,-3,-1,1,12
0.792553072773399,4,-1,-3,-1,1,51
0.63858167888305,3,-1,-3,-1,1,8
0.620986101877827,6,2,-3,-1,1,42
1.69240475684919,6,-1,-3,-1,1,40
0.333225393164211,99,-1,-3,-1,1,26
0.710369002782387,2,-1,-3,-1,1,17
0.586619700763757,3,-1,-3,-1,1,42
2.04097804931617,4,-6,-3,-6,3,48
0.840670593424926,4,-1,-3,-1,5,45
1.19442125296215,99,-6,-3,-6,1,6
0.808608069184483,6,-1,-3,-1,1,13
1.69542219828543,4,-1,-3,-1,3,13
0.238985223050076,2,-1,-3,-1,1,33
0.695617170360653,99,-1,-3,-1,1,42
0.629560965860975,4,-1,-3,-1,1,48
0.337578083934159,2,-1,-3,-1,1,53
0.630305297927394,1,-1,-3,-1,1,36
0.912662818865998,3,-1,-3,-1,1,47
1.75981152225986,4,-1,-3,-1,3,51
0.415313045792238,7,-1,-3,-1,1,47
2.08717275125297,99,-1,-3,-1,1,6
0.453046070481539,7,-1,-3,-1,1,6
0.314266096273189,4,-1,-3,-1,2,17
0.32064969171296,99,-1,-3,-1,1,48
1.16334531447118,5,-1,-3,-1,1,48
1.28563164634294,4,-1,-3,-1,2,48
0.392467357273079,5,-1,-3,-1,1,6
0.203600312799135,5,-1,-3,-1,3,48
0.594952531323376,5,-1,-3,-1,1,37
1.26897632827318,6,-1,-3,-1,1,12
0.407623157273461,3,-1,-3,-1,1,48
0.532235204506105,4,-1,-3,-1,1,39
0.426855464981807,6,-1,-3,-1,1,40
1.62542795241921,5,-1,-3,-1,1,16
0.43760232635379,4,-1,-3,-1,1,48
1.27910436760143,4,-1,-3,-1,1,34
1.36798757315878,3,-1,-3,-1,1,42
0.646472090369805,5,-1,-3,-1,1,18
0.526808130347119,5,-1,-3,-1,1,12
0.627404295181289,7,-1,-3,-1,1,12
0.702508156532921,2,-1,-3,-1,2,11
0.700968689882248,4,-1,-3,-1,1,39
0.803782693820277,3,-1,-3,-1,1,33
1.18883221907895,2,-1,-3,-1,1,21
0.821910700082006,4,-1,-3,-1,1,53
0.41759501923511,4,-1,-3,-1,1,36
1.67912326795694,99,-6,-3,-6,2,51
0.487010038436174,5,-1,-3,-1,1,17
3.13511843807597,6,-1,-3,-1,1,48
0.331548513041357,1,-1,-3,-1,1,25
4.78552510214324,6,-1,-3,-1,1,38
0.680430738056711,2,-1,-3,-1,1,27
0.401517765674477,4,-1,-3,-1,1,26
0.487436270762398,6,-1,-3,-1,1,17
0.736649049063796,6,-1,-3,-1,1,21
0.865477680105119,2,-1,-3,-1,1,25
1.08947494045402,3,-1,-3,-1,1,42
0.712529901672162,4,-1,-3,-1,1,55
2.4842241208045,99,-6,-3,-6,1,8
0.906013061931186,6,-1,-3,-1,4,6
1.2420482817765,2,-1,-3,-1,3,48
2.5451758481162,4,-1,-3,-1,2,48
0.702433881345003,4,-1,-3,-1,3,6
1.03079201390149,2,-1,-3,-1,1,20
0.624652813719922,3,-1,-3,-1,1,47
0.657555345369527,6,-1,-3,-1,1,42
0.591759066734066,4,-1,-3,-1,1,34
0.651399694747314,3,-1,-3,-1,1,53
1.14319082239455,3,-1,-3,-1,3,49
2.17333383820979,2,-1,-3,-1,1,8
1.5346692900966,99,-1,-3,-1,1,12
0.384152907487603,7,-1,-3,-1,1,37
1.60311845401737,1,-1,-3,-5,1,21
1.94641148904702,99,-1,-3,-1,3,12
0.459731407289392,6,-6,-3,-6,1,26
1.49895205072464,6,-1,-3,-1,1,16
0.713427964148438,6,-6,-3,-6,1,22
0.755218748125093,3,-1,-3,-1,1,26
0.826192303311005,3,-1,-3,-1,1,6
0.737260568587234,2,-1,-3,-1,2,37
0.879156865642736,4,-1,-3,-1,1,26
0.418520290813787,6,-1,-3,-1,1,29
1.46422907334369,99,-1,-3,-1,1,34
0.723095618810041,99,-1,-3,-1,1,36
1.87124594456569,7,-1,-3,-1,2,48
1.26220787915667,4,-1,-3,-1,1,48
1.69660075246642,4,-1,-3,-1,3,40
0.342469652024383,4,-1,-3,-1,1,27
1.39034679770841,4,-1,-3,-1,2,26
1.29809614489866,5,-1,-3,-1,1,4
3.09376964945435,2,-1,-3,-1,2,17
2.57236004577547,99,1,-3,-1,3,8
1.28031257779079,2,-1,-3,-1,1,37
1.34491325486546,4,-1,-3,-1,1,37
0.790663121798269,5,-1,-3,-1,1,22
0.855891535000459,2,-1,-3,-1,1,42
2.10122988778267,2,-1,-3,-1,3,48
0.34952070350003,2,-1,-3,-1,1,6
1.30362542882741,4,-1,-3,-1,1,29
0.746259322169221,99,-1,-3,-1,1,48
1.52761154669031,99,-1,-3,-1,-9,51
1.49282444596483,4,-1,-3,-1,-9,55
0.910585457865649,6,-6,-3,-6,1,42
0.672835225096758,3,-1,-3,-1,1,17
0.845785999580822,5,-1,-3,-1,1,48
2.7101524390157,5,-1,-3,-1,1,37
0.374416509898327,3,-1,-3,-1,1,20
1.09782464841313,4,-1,-3,-1,5,45
0.781733255732609,4,-1,-3,-1,2,4
0.793556132494227,4,-1,-3,-1,1,53
0.273603260629969,4,-1,-3,-1,1,47
0.571893841777279,4,-1,-3,-1,2,24
1.72162466357847,5,-1,-3,-1,3,35
0.520839202051323,4,-1,-3,-1,1,24
0.80053365231873,99,-1,-3,-1,3,40
1.66374003035849,5,-1,-3,-1,1,23
0.796805166612889,7,-1,-3,-1,1,22
2.40790938241636,99,-6,-3,-6,1,47
1.31012184000265,6,-1,-3,-1,1,26
2.49925255369182,5,-1,-3,-1,1,39
0.820001131058518,3,-1,-3,-1,3,40
1.68450760487406,6,-1,-3,-1,1,6
0.615355264991825,6,2,-3,-1,1,32
0.393954365586327,99,-1,-3,-1,1,39
0.656863896629175,3,-1,-3,-1,1,31
0.389516248039681,5,-1,-3,-1,1,37
0.546175456987106,6,-1,-3,-1,1,45
1.08488896025747,6,-1,-3,-1,1,47
0.532365872599324,6,-1,-3,-1,1,42
1.61635498461075,4,-1,-3,-1,1,42
0.691052957115222,2,-1,-3,-1,1,12
0.397786584027933,2,-7,-3,-7,1,6
0.841999184742506,5,-1,-3,-1,1,39
0.829736548961913,2,-1,-3,-1,1,19
0.681830258621903,4,-1,-3,-1,1,12
0.763284030672008,6,-1,-3,-1,1,16
3.45921867419629,99,2,-3,-1,1,42
0.740325919352315,3,-1,-3,-1,1,54
2.13632331333275,99,-1,-3,-1,1,36
1.04385616284545,99,-1,-3,-1,2,45
0.583237083558975,99,-1,-3,-1,3,6
0.970956221322107,2,-1,-3,-1,1,35
1.70942666708954,99,-1,-3,-1,2,45
0.354796599891616,6,-1,-3,-1,1,24
0.785366049628041,99,-1,-3,-1,3,12
1.17344456360725,2,-1,-3,-1,1,24
1.38685004812122,6,-1,-3,-1,1,17
0.770844209293256,5,-6,-3,-6,1,39
0.347212160021351,6,-1,-3,-1,1,34
0.633491789475995,7,-1,-3,-1,1,18
0.571627875357963,7,-6,-3,-6,3,29
0.337044936542985,6,-1,-3,-1,1,35
0.636816768514851,99,-1,-3,-1,2,48
1.00585330872989,99,-1,-3,-1,2,48
0.596754610887733,2,-1,-3,-1,1,6
0.652178079524652,4,-1,-3,-1,1,6
0.923648723579867,3,-1,-3,-1,1,25
1.19925169281732,3,-1,-3,-1,1,42
2.01799170825902,1,-1,-3,-1,1,53
0.677482354791717,4,-1,-3,-1,2,13
0.440283774213574,7,-1,-3,-1,4,27
1.33962848237168,3,-1,-3,-1,3,36
0.754518139073934,6,-1,-3,-1,1,12
1.20423645073134,7,-1,-3,-1,1,54
0.46109374493034,4,-1,-3,-1,1,36
0.56820083336725,6,-1,-3,-1,1,39
1.17840504265808,6,-6,-3,-6,3,48
0.754855463693476,7,-1,-3,-1,1,54
2.04487741789818,99,-1,-3,-1,1,47
0.39974686031124,2,-1,-3,-1,3,29
0.874184223120889,6,-1,-3,-1,-9,27
0.897197828265091,6,-1,-3,-1,1,36
1.5137904809549,6,-1,-3,-1,1,39
1.00670443554136,3,-1,-3,-1,1,32
0.367938920207821,4,-1,-3,-1,1,6
0.688148172830498,4,-1,-3,-1,4,15
0.652657052067816,4,-6,-3,-6,4,34
0.798624786795772,1,-1,-3,-1,3,6
0.997981193628412,2,-1,-3,-1,3,34
0.586478882706061,2,-1,-3,-1,1,48
0.653252572105334,6,-1,-3,-1,1,47
0.781620882040782,4,-1,-3,-1,1,12
1.44329960397534,4,-1,-3,-1,3,34
1.03926099395989,2,-1,-3,-1,3,48
0.755534954133403,6,-1,-3,-5,1,20
0.867854926149579,2,-1,-3,-1,1,12
1.66521449102953,4,-1,-3,-1,1,27
0.321580814801767,7,-1,-3,-1,3,39
0.356934196774602,3,-1,-3,-1,1,39
0.579054908989311,3,-1,-3,-1,1,40
0.714802333471873,2,-1,-3,-1,1,17
0.993407571410725,99,-1,-3,-1,1,45
0.690582677703112,6,-1,-3,-1,3,48
0.390823171995733,6,-1,-3,-1,1,12
0.618289697500211,3,-1,-3,-1,1,48
0.653578565775384,3,-1,-3,-1,1,39
0.828321664897338,6,-1,-3,-1,1,39
0.547687509656234,6,-6,-3,-6,1,13
0.735149537986071,4,-1,-3,-1,3,48
0.342112038335663,3,-1,-3,-1,1,29
0.344333652177498,6,-1,-3,-1,1,29
0.670393100689032,5,-1,-3,-1,1,47
1.09065063111575,1,-1,-3,-1,5,16
0.957854574225037,99,-1,-3,-1,1,34
0.643239275030681,2,-1,-3,-1,1,25
0.676644863390647,6,-1,-3,-1,1,37
0.759688699242045,99,-1,-3,-1,1,31
0.757254711810621,6,-1,-3,-1,1,13
1.39044261251887,7,-1,-3,-1,2,13
0.479759374916798,99,-1,-3,-1,1,36
1.48033580215156,4,-1,-3,-1,1,6
1.96240430257325,6,4,-3,-1,1,36
3.09899038556266,99,-1,-3,-1,5,6
0.643064367058434,5,-1,-3,-1,1,25
0.387928024737237,6,-1,-3,-1,1,12
0.57685589586481,6,-1,-3,-1,1,26
0.793556132494227,2,-1,-3,-1,3,6
0.348676755731959,4,-1,-3,-1,1,1
0.680724761776423,7,-1,-3,-1,6,51
0.723541298686325,4,-6,-3,-6,5,27
1.52544488969095,5,-1,-3,-1,1,13
0.638735215043492,4,-1,-3,-1,1,51
0.792804435939728,5,-1,-3,-1,3,48
1.6924631166368,99,-1,-3,-1,1,37
0.6960702845537,2,-1,-3,-1,4,8
1.26358745281909,2,-6,-3,-6,1,34
0.577771384339288,4,-1,-3,-1,3,48
0.560035402266531,5,-1,-3,-1,1,18
0.748481484425334,5,-1,-3,-1,1,39
0.628308789203829,2,-1,-3,-1,1,42
2.10918272351737,6,-1,-3,-1,1,53
1.23247409308207,2,-1,-3,-1,1,47
0.307765179060423,7,-1,-3,-1,1,36
0.822080236933479,2,-1,-3,-1,1,16
0.750229658075558,99,-1,-3,-1,1,16
0.675781647281167,5,-1,-3,-1,1,17
1.85304282058839,3,-1,-3,-1,1,17
1.6484458107119,6,-1,-3,-1,1,39
0.978721242314836,6,-1,-3,-1,1,9
0.435782543150944,3,4,-3,-1,1,38
0.842618523144978,3,-1,-3,-1,4,6
1.48592111939379,7,-1,-3,-1,1,6
2.4780637400118,4,-1,-3,-1,1,42
0.517495381301137,99,-1,-3,-1,4,39
1.52257974451186,99,-1,-3,-5,1,23
1.10831092807462,1,-1,-3,-1,6,37
0.562702769183602,2,-1,-3,-1,1,50
0.241755713721868,6,-1,-3,-1,3,35
0.901120076042165,3,-1,-3,-1,4,15
0.697255197128899,99,-1,-3,-1,1,12
0.766992653517312,5,-1,-3,-1,3,17
1.21511614315765,6,-1,-3,-1,1,12
0.416896803573077,1,-1,-3,-1,1,42
1.30106047248739,4,-1,-3,-1,1,40
0.563800069190649,3,-1,-3,-1,1,19
0.719757450983384,2,-1,-3,-1,1,17
2.91766404182053,99,-1,-3,-1,4,27
3.50905200720933,6,-1,-3,-1,1,16
1.13084676708118,3,-1,-3,-1,1,26
1.30901572786002,4,-6,-3,-6,4,53
3.36696154408657,4,-1,-3,-1,2,29
1.38457746123414,5,-1,-3,-1,6,37
0.54940758904259,4,-1,-3,-1,1,26
1.31410006308164,4,-1,-3,-1,1,6
0.702952262355442,7,-1,-3,-1,1,36
0.643082439664896,6,-1,-3,-1,1,12
0.625641829493607,3,-1,-3,-1,1,42
1.55883237335722,4,-1,-3,-1,-9,53
1.65663037142645,4,-1,-3,-1,1,48
1.54397732237663,3,-1,-3,-1,1,20
1.45487735772381,4,4,-3,-1,1,12
0.683182752326178,2,-1,-3,-1,1,4
0.453300564748848,3,-1,-3,-1,6,24
0.748630629514198,99,-1,-3,-1,1,1
0.730533310128657,3,-1,-3,-1,1,41
2.58472087768724,5,-1,-3,-1,1,36
0.70582888282755,6,-1,-3,-1,1,8
0.723971760688576,2,-1,-3,-1,1,25
0.818879697398979,2,-1,-3,-1,1,48
0.505099065202376,5,-1,-3,-1,1,21
2.01043053715288,99,-1,-3,-1,2,28
1.12832918729221,4,-1,-3,-1,3,40
0.412504844500316,6,-1,-3,-1,1,29
0.54020153777295,4,-1,-3,-1,5,17
0.457458197694954,4,-1,-3,-1,2,17
1.25110388457823,3,-1,-3,-5,1,16
0.668251157233421,3,-1,-3,-1,1,13
0.880412024747608,7,-1,-3,-1,1,28
1.06148606224915,4,-1,-3,-1,1,18
0.573631490354546,6,-1,-3,-1,1,8
0.369698888794677,6,-1,-3,-1,1,6
0.414387381216985,4,-1,-3,-1,1,35
0.54328443392496,2,-1,-3,-1,1,12
1.53249259725938,5,-1,-3,-1,4,13
1.11626667779434,6,-1,-3,-1,1,39
0.694262611024961,2,-1,-3,-1,1,8
0.675597098041593,2,-6,-3,-6,1,4
0.891782400276956,99,-1,-3,-1,1,51
1.55895868123537,99,-1,-3,-1,1,13
2.3199340764523,4,-6,-3,-6,1,47
1.95053037283526,2,-1,-3,-1,6,6
0.633928035694952,99,-1,-3,-1,1,36
0.476518408719422,1,-1,-3,-1,2,47
0.288188137210281,2,-1,-3,-1,1,31
0.698552859809152,3,-1,-3,-1,1,13
2.46440152545292,4,-1,-3,-1,2,28
0.691825907295572,4,-1,-3,-1,3,4
0.296702610696682,7,-1,-3,-1,1,13
1.35327859467438,99,-1,-3,-1,1,49
1.16732028155215,4,-1,-3,-1,1,27
0.448762613488066,4,-1,-3,-1,3,48
3.57468695170206,4,-1,-3,-1,2,22
0.36515860040405,2,-1,-3,-1,1,33
0.439334860103129,5,-1,-3,-1,1,9
0.693969650972013,4,-1,-3,-1,1,12
0.927762128270414,4,-1,-3,-1,1,8
0.217999094727116,3,-1,-3,-1,1,17
1.68726296211739,4,-1,-3,-1,1,53
0.814595574180683,7,-1,-3,-1,1,9
0.334720751267245,7,-1,-3,-1,1,36
0.522128946791861,99,-1,-3,-1,2,18
0.669983705056354,2,-1,-3,-1,1,27
1.71104966837872,99,-1,-3,-1,4,48
0.410031144532299,3,-1,-3,-1,1,17
0.262812844878536,2,-1,-3,-1,1,6
0.587289118094409,2,-1,-3,-1,1,42
0.722420932133794,7,-1,-3,-1,1,30
0.386147910849181,2,-1,-3,-1,1,6
1.47581266164459,99,-1,-3,-1,2,28
0.958323146632895,7,-1,-3,-1,1,47
1.1894685651619,99,-1,-3,-1,1,6
1.01688335558834,2,-1,-3,-1,3,35
0.722991854622471,2,-7,-3,-7,1,11
0.778823975028589,7,-1,-3,-1,1,28
1.74951837221714,6,-1,-3,-1,1,12
0.742322511856527,6,-6,-3,-6,1,6
0.855485772442857,99,-1,-3,-1,3,32
2.10298416745273,99,-1,-3,-1,3,19
1.30649156512727,99,-1,-3,-1,1,36
0.857387408142923,5,-1,-3,-1,1,6
3.41534702745721,3,-1,-3,-1,2,48
0.794592838306917,3,-1,-3,-1,1,12
0.795881394770495,5,-1,-3,-1,1,51
0.630131341604369,4,-1,-3,-1,1,6
0.534202772964651,7,-1,-3,-1,1,42
0.459311053107764,3,-1,-3,-1,1,53
1.2420047844701,5,-1,-3,-1,1,39
1.54803554534692,2,-1,-3,-1,1,37
0.314077550534417,1,-1,-3,-1,1,17
0.35108663558691,6,-1,-3,-1,1,37
0.531255101627321,2,-7,-3,-7,1,27
0.430961027049737,3,-1,-3,-5,1,39
0.358692979208885,99,-1,-3,-1,1,5
0.350112200761097,2,-1,-3,-1,3,48
1.38648215363319,2,-1,-3,-1,2,13
0.347241981682548,2,-1,-3,-1,1,24
2.46290384463781,99,1,-3,-1,1,16
1.62919462070806,6,-1,-3,-1,1,17
0.716548886915891,4,-1,-3,-1,1,34
0.752423837987883,4,-1,-3,-1,1,33
1.1752979266165,3,-1,-3,-1,1,37
0.224571429189334,3,-1,-3,-1,1,27
3.40521153602245,7,-1,-3,-1,1,39
0.364563574126604,2,-1,-3,-1,1,20
0.363515867701726,2,-1,-3,-1,1,6
0.595978422018389,4,-6,-3,-6,1,49
3.29281317543879,99,-1,-3,-1,2,37
0.820861547464157,6,-1,-3,-1,1,55
1.14936620653892,2,-1,-3,-1,4,53
0.489027584293481,4,-1,-3,-1,3,48
0.848575684879343,2,-1,-3,-1,2,17
1.53954584232396,99,-1,-3,-1,5,45
1.82399123540097,6,-6,-3,-6,1,42
0.894237626695842,3,-1,-3,-1,1,9
1.22062578286965,2,-1,-3,-1,1,6
0.462263225976726,99,-1,-3,-1,1,33
0.691355473099933,4,-1,-3,-1,1,21
0.334850564894799,99,-1,-3,-1,1,20
0.603811453079241,5,-1,-3,-1,1,20
0.498450037203189,6,-1,-3,-1,1,47
0.45251416173094,5,-1,-3,-1,1,55
0.589938365913132,4,-1,-3,-1,1,47
1.85163656093749,7,-1,-3,-1,1,5
0.957709785094609,2,-1,-3,-1,3,20
0.548368675824325,99,-1,-3,-1,6,6
0.595058626229757,7,-1,-3,-1,1,36
1.76077640232463,5,-1,-3,-1,2,13
0.603828959381776,99,-6,-3,-6,2,24
1.45793904404103,4,-6,-3,-6,1,23
0.420359467909004,6,-1,-3,-1,3,48
0.625061910392009,3,-1,-3,-1,1,50
0.293376533501506,2,-1,-3,-1,1,18
0.342820173050653,2,-1,-3,-1,1,6
1.8175164146068301,4,-1,-3,-1,5,39
1.55575664708905,2,-1,-3,-1,1,17
0.373932018446118,6,-1,-3,-1,1,55
0.729373001101817,7,-1,-3,-1,1,20
0.941098502818235,2,-1,-3,-1,1,25
0.652439301388639,6,-1,-3,-1,1,37
1.36692233590311,4,-1,-3,-1,1,42
1.71397212663135,4,-1,-3,-1,2,28
0.385648292262362,6,-1,-3,-1,1,48
1.12141870639165,2,-1,-3,-1,1,36
1.28218095597787,5,-1,-3,-1,1,48
0.480506494768479,6,-1,-3,-1,1,47
0.609821516290484,4,-1,-3,-1,1,25
1.34987793253379,6,-1,-3,-1,1,42
1.17855975098134,1,-1,-3,-1,3,8
0.486915215530712,99,-1,-3,-1,3,48
0.906453729050427,6,-1,-3,-1,3,17
0.655616747448849,5,-6,-3,-6,3,40
0.410497801783024,1,-1,-3,-1,1,11
0.423776472612414,3,-1,-3,-1,1,16
2.41638539268195,6,-1,-3,-1,1,39
1.09594046180378,1,-1,-3,-1,1,25
0.700958491446687,7,-1,-3,-1,1,48
0.571658099005647,5,-1,-3,-1,1,16
2.19779340905564,4,-6,-3,-6,2,13
0.605442140149397,7,-1,-3,-1,1,45
1.29105346846647,5,-1,-3,-1,1,36
3.20225446935667,6,-1,-3,-1,2,24
4.96813387043076,2,-1,-3,-1,2,26
5.412415673462,4,-1,-3,-1,3,6
0.500253481387103,3,-1,-3,-1,1,34
1.03339415632635,5,-1,-3,-1,3,48
1.70158722148471,99,-1,-3,-1,1,17
1.09827229337124,3,-1,-3,-1,3,41
0.352042303751643,99,-1,-3,-1,3,48
4.55921913519952,2,-1,-3,-1,1,25
0.302187450093069,2,-1,-3,-1,1,55
0.522268951729231,7,-1,-3,-1,1,27
0.109821944586558,99,-1,-3,-1,1,17
0.741654841920915,6,-1,-3,-1,1,39
0.617300763408402,3,-1,-3,-1,2,24
1.703168198314,99,-1,-3,-1,6,6
0.337226520048051,6,-1,-3,-1,1,42
0.813395290710285,3,-1,-3,-1,1,12
0.269271294050547,2,-1,-3,-1,1,17
1.11115932036742,5,-1,-3,-1,1,48
0.834228337166735,4,-1,-3,-1,1,39
0.52992436469495,5,-1,-3,-1,1,12
1.07321467133833,5,-1,-3,-1,1,24
1.19175260182282,4,-1,-3,-1,1,26
1.26378788073907,2,-1,-3,-1,1,12
0.816178392670701,6,-1,-3,-1,1,9
0.661618804708102,6,-1,-3,-1,1,48
0.567559225884727,5,-1,-3,-1,1,8
0.55372646582108,3,-1,-3,-1,2,48
2.51412044651454,4,-1,-3,-1,1,35
0.679045564263267,5,-1,-3,-1,1,37
0.586627336132536,2,-1,-3,-1,1,25
1.26064940571776,2,-1,-3,-1,2,6
0.611174859035581,2,-1,-3,-1,2,9
2.10751480391534,4,-6,-3,-6,1,29
0.583760433869196,1,-1,-3,-1,2,1
0.688079903535591,6,-1,-3,-1,1,12
0.988231822543875,4,-1,-3,-1,1,36
0.650377646534164,4,-1,-3,-1,1,51
0.665627131756634,6,-1,-3,-1,3,17
1.1337245721246,3,-1,-3,-1,2,36
0.861440931358452,7,-1,-3,-1,1,13
0.38792464540921,6,-6,-3,-6,3,9
2.18963136134193,6,-1,-3,-1,1,8
1.20877558418976,99,-1,-3,-1,2,24
2.01820931617918,4,-1,-3,-1,3,8
0.921619793940841,3,-1,-3,-1,1,27
1.46321486313978,99,-1,-3,-1,2,13
0.452817115738661,6,2,-3,-1,1,5
0.165218781825178,6,-6,-3,-6,1,20
2.50052364023799,4,-1,-3,-1,1,51
0.500389546027785,2,-1,-3,-1,1,36
1.7401846216872,99,-1,-3,-1,3,12
0.400095525256171,5,-1,-3,-1,1,16
0.681649433544972,3,-1,-3,-1,2,12
0.753328117185202,1,-6,-3,-6,3,29
0.426552719697818,2,-1,-3,-1,1,24
0.596565485685581,2,-1,-3,-1,1,41
1.18641962517475,2,-1,-3,-1,1,39
0.548060006595017,6,-1,-3,-1,1,24
0.695788148148976,4,-1,-3,-1,1,18
0.525213526190623,4,-1,-3,-1,2,45
3.09823652209217,4,-1,-3,-1,2,20
0.680576616888921,4,-1,-3,-1,1,42
1.12490603666109,6,-1,-3,-1,1,49
1.09166376564585,6,-6,-3,-6,-9,51
0.4671697970174,6,-1,-3,-1,1,12
0.693115436242689,6,-6,-3,-6,1,35
1.32855652924382,2,-1,-3,-1,1,24
2.1717067375918,6,-1,-3,-1,1,24
0.769674104345873,6,-1,-3,-1,1,24
1.5079789621863,99,-1,-3,-1,2,11
0.597510207698137,6,-1,-3,-1,5,6
0.395130971109778,99,-1,-3,-1,1,25
0.769075745224456,5,-1,-3,-1,5,13
1.35368999930966,2,-1,-3,-1,1,11
0.709402247491436,6,-1,-3,-1,1,24
1.27694105712846,4,-1,-3,-1,2,28
0.795545027905981,6,-1,-3,-1,1,39
0.714460300866515,5,-1,-3,-1,1,27
1.3770590563408,4,-1,-3,-1,1,48
0.704002318959423,4,-1,-3,-1,3,48
0.738998251473509,4,-1,-3,-1,1,19
0.421104829098609,5,-1,-3,-1,1,35
0.70495649654094,4,-1,-3,-1,1,40
0.308481465278876,2,-1,-3,-1,2,39
1.08929605872646,1,-1,-3,-1,2,45
0.841782054128235,99,-1,-3,-1,2,55
0.380753752684113,6,-1,-3,-1,1,8
1.26435076659026,4,-7,-3,-7,3,36
1.76184197442081,99,-1,-3,-1,3,6
0.83412965625129,5,-6,-3,-6,3,9
0.477497806640013,4,-1,-3,-1,1,9
1.95264710746747,4,-1,-3,-1,4,51
0.817285119351236,99,-1,-3,-1,1,1
0.994647664455947,6,-1,-3,-1,1,34
1.43000634435076,7,-1,-3,-1,1,49
0.304329028669551,2,-1,-3,-1,1,17
1.63998390881376,4,-1,-3,-1,1,35
0.539529332523468,4,-1,-3,-1,1,27
1.36765662103729,99,-1,-3,-1,1,45
0.818261446773682,4,-1,-3,-1,1,39
0.325446476315497,2,-1,-3,-1,1,25
0.921387776082263,2,-1,-3,-1,1,11
0.997953381376315,4,-1,-3,-1,3,6
1.90211605411789,4,-1,-3,-1,2,17
0.836708283591233,5,-1,-3,-1,3,48
0.976137718178217,2,-1,-3,-1,3,6
1.25374115545203,2,-1,-3,-1,2,48
0.369101615006886,3,-1,-3,-1,1,48
1.8547132263937,99,4,-3,-1,3,12
1.20812896662204,5,-1,-3,-1,1,22
0.517105106164165,2,-1,-3,-1,1,18
1.10156333408618,6,-1,-3,-1,1,49
3.34419078801692,4,-1,-3,-1,1,25
0.653995933067293,2,-1,-3,-1,1,39
0.629936393408436,4,-1,-3,-1,1,36
0.879676372882052,5,-1,-3,-1,1,25
0.513230069523315,2,-1,-3,-1,1,13
0.980327170968843,5,-1,-3,-1,3,17
0.802385247183509,3,-1,-3,-1,1,42
0.569120035876844,2,-1,-3,-1,1,42
1.15156777182104,6,-6,-3,-6,1,39
1.40593914507023,2,-1,-3,-1,2,37
0.372397194822721,4,-1,-3,-1,1,51
0.366500022412566,4,-1,-3,-1,1,9
0.704876169922646,2,-1,-3,-1,4,6
0.599481624552732,4,-1,-3,-1,1,36
0.615154344865336,5,-1,-3,-1,1,26
0.801617654077842,3,-1,-3,-1,1,47
0.616966925188132,7,-1,-3,-1,6,47
0.377786445396937,4,4,-3,-1,1,41
1.10538088707848,2,-1,-3,-1,-9,6
1.46399642522576,5,-1,-3,-1,1,5
0.309974454080628,6,-1,-3,-1,1,37
1.01995127278716,5,-1,-3,-1,1,6
0.503467777507496,3,-1,-3,-1,1,16
1.99663359668856,5,-1,-3,-1,1,17
0.597582750630884,7,-1,-3,-1,1,42
0.954517031587869,2,-1,-3,-1,4,53
1.06269190146483,4,-1,-3,-1,1,12
0.796981242640561,5,-1,-3,-1,1,27
0.674674952147831,4,-6,-3,-6,3,42
1.97392043081144,3,-1,-3,-1,3,6
1.40430142748079,5,-1,-3,-1,1,4
0.727186318471614,3,-1,-3,-1,1,6
1.85161900509133,6,-1,-3,-1,1,20
0.781175669687664,6,-1,-3,-1,1,13
0.863602506924407,5,-1,-3,-1,1,16
0.644406066701716,99,-1,-3,-1,2,48
0.780983422713379,99,-1,-3,-1,3,42
0.659252190692502,5,-1,-3,-1,1,25
0.27856193513424,2,-1,-3,-1,1,37
0.719026276976949,3,-1,-3,-1,1,27
1.56141522807091,99,-1,-3,-1,1,39
0.766260548297648,2,-1,-3,-1,1,12
0.725890265302724,99,-1,-3,-1,1,26
0.490724258094484,4,-1,-3,-1,1,20
1.2363131869799,2,-1,-3,-1,1,4
1.37476548587637,3,-1,-3,-1,1,6
1.38201767900079,3,-1,-3,-1,1,21
3.51087676166399,5,-1,-3,-1,6,42
3.71708998175735,4,-1,-3,-1,1,48
0.373262558763972,4,-1,-3,-1,2,48
0.622735543771333,4,-1,-3,-1,1,21
0.81566890795565306,7,-1,-3,-1,1,26
0.750149120914688,3,-1,-3,-1,4,39
0.772119814305741,6,-1,-3,-1,1,37
1.61937934224408,1,-1,-3,-1,3,25
1.15166245174792,2,-1,-3,-1,1,24
0.587289118094409,2,-1,-3,-1,1,42
0.219035905172676,6,-1,-3,-1,1,26
1.17221450582351,4,-7,-3,-7,1,47
1.31894919210259,1,-1,-3,-1,1,6
1.95529794234116,1,-1,-3,-1,4,8
2.95115623648324,2,-1,-3,-1,3,8
0.740446857288777,3,-1,-3,-1,1,21
0.345729704470654,2,-1,-3,-1,1,20
1.50128908945878,4,-6,-3,-6,1,27
1.68395304813481,3,-1,-3,-1,1,48
2.60011997351339,6,-1,-3,-1,1,16
0.717900276396853,5,-1,-3,-1,1,51
0.770136882487025,99,2,-3,-1,1,29
2.59756931975497,1,-1,-3,-1,1,24
0.563871652175624,99,-1,-3,-1,2,29
2.82855293092772,99,-1,-3,-1,1,47
0.637694734204098,6,-1,-3,-1,6,12
0.867988428207785,4,-1,-3,-1,1,39
1.49963415925055,4,-1,-3,-1,2,35
1.37393956098398,1,-1,-3,-1,1,25
1.06413438871913,3,-1,-3,-5,1,26
3.26405038045635,99,-1,-3,-1,6,12
0.719471535781497,4,-1,-3,-1,1,17
0.692949438884419,5,-1,-3,-1,1,48
0.313918278441251,2,-1,-3,-1,1,8
1.68575634401864,4,-1,-3,-1,2,12
0.719026276976949,4,-1,-3,-1,6,20
1.96029899947968,4,-1,-3,-1,2,28
0.347522796585596,99,-1,-3,-1,1,17
0.46829850700001,99,-1,-3,-1,1,45
0.800464511827763,2,-1,-3,-1,1,6
0.621588264256193,5,-1,-3,-1,1,15
0.613636443517403,6,-1,-3,-1,1,45
0.393175483213804,2,-1,-3,-1,5,40
1.34189286510086,7,-1,-3,-1,1,47
0.427758663199578,2,-1,-3,-1,1,6
4.99907405308709,6,-1,-3,-1,1,22
1.73215820383167,99,-1,-3,-1,2,12
1.72506307110419,7,-1,-3,-1,1,40
0.459355084711182,4,-1,-3,-1,1,32
0.36423951805408,4,-1,-3,-1,1,17
0.921379346545513,4,-1,-3,-1,3,12
0.891236617478627,2,-1,-3,-1,1,33
1.85048436100065,4,-1,-3,-1,1,25
0.365723609258469,6,-1,-3,-1,1,34
0.390762792987704,5,-1,-3,-1,1,12
1.29931252408019,3,-6,-3,-6,2,47
0.6053394634065,99,-1,-3,-1,1,39
0.419219188176443,6,-1,-3,-1,1,40
0.483118419716655,2,-1,-3,-1,4,6
2.50684909415516,4,-1,-3,-1,2,1
0.652212394330005,4,-1,-3,-1,2,55
0.922239241656245,99,-1,-3,-1,2,12
0.591052231704935,4,1,-3,-1,1,31
2.39016400757086,2,-1,-3,-1,3,6
0.761663749015756,3,-6,-3,-6,1,41
0.663963354438374,2,-1,-3,-1,1,53
1.31538981136828,4,2,-3,-1,3,16
2.42387590442383,4,-6,-3,-6,1,6
1.11453604658875,6,-1,-3,-1,1,4
1.41586157581514,99,-1,-3,-1,3,6
1.5242197340343,99,-1,-3,-1,1,12
2.03274523309254,4,-1,-3,-1,1,39
0.58788476158323,1,-1,-3,-1,1,25
1.44443238694349,99,-1,-3,-1,1,55
0.604818571684704,5,-6,-3,-6,1,12
0.435086956475513,6,-1,-3,-1,1,42
0.635942925590038,6,-1,-3,-1,1,42
1.26368357907584,4,-6,-3,-6,3,6
1.00077236393134,7,-1,-3,-1,4,53
0.36396218360474,4,-1,-3,-1,1,20
2.07585557809375,4,-1,-3,-1,4,24
1.22990350105068,2,-1,-3,-1,6,37
0.33055669685554,4,-1,-3,-1,3,6
1.40643522289665,4,-1,-3,-1,1,34
0.726367617362589,4,-1,-3,-1,1,37
0.397427284372133,5,-1,-3,-1,1,37
0.512924756762758,6,-1,-3,-1,1,19
0.41214560265906097,6,-1,-3,-1,1,45
2.03579229197129,99,-1,-3,-1,3,48
0.628641904679322,5,-1,-3,-1,1,55
1.57097465516802,4,-1,-3,-1,1,9
0.972551214641507,6,-1,-3,-1,1,18
0.700584945383512,99,-1,-3,-1,1,34
0.667596957040299,4,-1,-3,-1,3,6
0.623731372176376,99,-1,-3,-1,-9,40
0.678920850175601,2,-1,-3,-1,1,13
0.499381011657659,6,-1,-3,-1,1,18
1.98497915343104,4,-1,-3,-1,1,4
0.306206209776322,99,-1,-3,-1,2,26
0.857387408142923,4,-1,-3,-1,1,6
0.884905380480654,5,-1,-3,-1,1,20
0.775424072794351,4,-1,-3,-1,3,48
0.468912637731703,99,-1,-3,-1,1,36
0.39304117487426,4,-1,-3,-1,1,26
0.739301815782755,99,-1,-3,-1,1,37
0.693311282672062,4,-1,-3,-1,1,36
0.546302835204891,5,-1,-3,-1,1,53
0.450830624698682,2,-1,-3,-1,1,6
0.637472463427119,2,-1,-3,-1,1,50
0.748269723972675,3,-1,-3,-1,3,6
0.582968265447285,4,-1,-3,-1,1,8
1.29869947573915,4,-1,-3,-1,1,8
0.649276888122577,6,-6,-3,-6,1,22
0.41775673902635,6,-1,-3,-1,1,37
1.36787617598514,99,-1,-3,-1,2,37
0.835241346683717,5,-1,-3,-1,1,48
0.81838464314523,7,-1,-3,-1,1,47
1.10966219170594,4,-1,-3,-1,1,6
0.431321956918744,6,-1,-3,-1,1,27
2.56346317720403,6,-1,-3,-1,1,54
1.10966219170594,4,-1,-3,-1,1,6
0.613441215308808,5,-1,-3,-1,1,25
2.09931392264617,6,-1,-3,-1,1,1
0.84849578049709,6,-1,-3,-5,1,49
0.730681892314982,99,-1,-3,-5,2,26
0.613251311709424,5,-1,-3,-1,1,34
0.368926993747282,6,-1,-3,-1,1,29
0.708544160544484,5,-6,-3,-6,1,36
0.341684131203216,4,-1,-3,-1,4,12
0.77532671249743,4,-1,-3,-1,1,37
0.466961936536191,4,-1,-3,-1,5,1
0.649536920417834,3,-1,-3,-1,1,29
0.34416891949143,6,-1,-3,-1,1,9
0.599391874980046,2,-1,-3,-1,1,24
0.851182037972991,2,-1,-3,-1,1,47
1.73230351192375,4,-1,-3,-1,1,6
0.31612628083982,2,-1,-3,-1,1,51
0.726938491123945,3,-1,-3,-1,1,18
0.400133968213621,2,-1,-3,-1,1,4
0.69578624527102,4,-1,-3,-1,1,34
0.348671344432254,2,-1,-3,-1,1,25
0.864404774682018,3,-1,-3,-1,4,36
0.387712883867779,2,-1,-3,-1,6,12
1.18277735156341,3,-1,-3,-1,1,17
0.955387560750799,3,-1,-3,-1,1,34
1.34951793987649,4,-1,-3,-1,1,4
2.56434341781789,99,-1,-3,-1,3,25
1.44883485444436,2,-1,-3,-1,3,20
0.698017937514511,1,-1,-3,-1,1,34
1.60832634936304,6,-6,-3,-6,1,45
0.729856304979803,6,-1,-3,-1,1,35
0.636643507497114,6,-1,-3,-1,1,8
0.621363783043866,6,-1,-3,-1,1,37
1.03598926037742,4,-1,-3,-1,6,16
0.426163816448804,4,-1,-3,-1,3,6
1.56596456248759,4,-1,-3,-1,1,53
0.440027609560708,6,-1,-3,-1,4,6
1.25446360548496,6,-1,-3,-1,1,24
2.05037897414072,4,-1,-3,-1,1,24
1.09557043769598,6,-1,-3,-1,1,13
0.892208276921998,6,-1,-3,-1,1,36
1.29561075181564,99,-1,-3,-1,1,48
0.393813921762321,4,-1,-3,-1,1,48
3.15205949859993,6,-1,-3,-1,1,47
0.752512451235482,99,-1,-3,-1,1,37
0.500253481387103,4,-1,-3,-1,1,42
0.334465052826384,3,-1,-3,-1,6,30
0.586588756359301,6,-1,-3,-1,1,55
1.31137211676794,1,-1,-3,-1,1,24
1.77793798523084,3,-1,-3,-1,2,48
0.677306271488255,2,-1,-3,-1,1,39
0.356173155850085,1,-1,-3,-1,1,53
1.90778419300955,4,-1,-3,-1,1,36
0.845941916494486,7,-1,-3,-1,1,1
0.785125802224855,5,-1,-3,-1,1,6
0.679625689318923,3,-1,-3,-1,1,42
0.664808528088547,6,-1,-3,-1,1,45
1.43978669458722,4,-1,-3,-1,6,42
0.36495371633292,5,-1,-3,-1,1,8
1.56852885352281,99,-1,-3,-1,1,13
0.761433716985795,5,-1,-3,-1,1,27
0.744700954699678,3,-1,-3,-1,1,34
1.45799464480952,5,-1,-3,-1,3,34
1.56483028690228,4,-1,-3,-1,1,26
1.52761154669031,7,-1,-3,-1,1,45
0.576167886702754,6,-1,-3,-1,1,13
1.06955948696634,5,-1,-3,-1,1,18
0.266079754569395,4,-1,-3,-1,2,37
3.18963580344945,4,-1,-3,-1,1,26
0.654327115344672,7,-1,-3,-1,1,6
0.684299560373604,4,-1,-3,-1,1,17
0.694966114204698,2,-1,-3,-1,1,18
1.46906565937313,3,-1,-3,-1,1,42
1.27861263953452,2,-1,-3,-1,1,41
0.916338919310807,5,-1,-3,-1,2,44
2.02508013126237,5,-1,-3,-1,1,6
0.79224500446146,6,-1,-3,-1,1,6
0.942202620349099,2,-1,-3,-1,1,41
0.664078066586778,99,-1,-3,-1,1,55
0.538186836654332,1,-1,-3,-1,2,12
0.891461879291532,1,-1,-3,-1,1,24
0.351972315320848,6,-1,-3,-1,1,24
0.400597375529947,3,-1,-3,-1,4,51
0.744025572616942,4,-1,-3,-1,1,51
0.615462901211218,99,-1,-3,-1,1,29
1.32581151286389,99,-1,-3,-1,1,39
1.90436322135297,4,-1,-3,-1,2,13
0.380592815846709,5,-1,-3,-1,1,42
0.516036281195845,3,-1,-3,-1,1,36
0.311295843257743,1,-1,-3,-1,1,18
0.74153860446493,6,-1,-3,-1,1,47
1.25510603968989,4,-1,-3,-1,1,48
0.616725643012596,4,-1,-3,-1,2,29
0.379408154985674,3,-1,-3,-1,1,37
0.605552589585987,6,-1,-3,-1,1,22
0.395148748836582,3,-1,-3,-1,1,46
1.19552877614296,6,-1,-3,-1,1,42
0.6864533150807,6,-1,-3,-1,1,17
0.948818146264152,3,-1,-3,-1,3,12
0.977280325922637,99,-1,-3,-1,1,36
0.391539212142589,5,-1,-3,-1,1,45
1.42887247154557,99,-1,-3,-1,1,17
2.02781212961486,6,-6,-3,-6,1,12
0.335137416603306,7,-1,-3,-1,1,20
1.16056639516662,5,-1,-3,-1,1,13
0.430961027049737,4,-1,-3,-1,1,39
2.41314160707113,6,-1,-3,-1,1,39
1.15460647393009,6,-1,-3,-1,1,42
0.470431727741089,2,-1,-3,-1,2,42
3.31385924395238,1,-1,-3,-1,1,17
3.95939133093822,6,-1,-3,-1,1,48
0.503108308698765,1,-1,-3,-1,1,50
1.03630188106633,99,-1,-3,-1,1,39
0.27961201581602,3,-1,-3,-1,1,4
1.03800843545244,5,-1,-3,-1,1,55
0.347064742509672,2,-1,-3,-1,2,37
0.653007452788527,6,-1,-3,-1,1,31
0.483490019533804,1,-1,-3,-1,1,34
1.25200812388009,4,-1,-3,-1,1,36
0.662200602796631,2,-1,-3,-1,1,36
0.703046360677348,4,-1,-3,-1,1,33
0.92572911480539,7,-1,-3,-1,3,48
0.524192683510454,5,-1,-3,-1,6,34
0.376675035772194,99,-1,-3,-1,4,51
1.87805353665402,99,-1,-3,-1,1,5
0.759044668243906,2,-1,-3,-1,6,36
0.330221520065625,3,-1,-3,-1,3,24
0.409771383931592,4,-1,-3,-1,6,36
0.892141956472474,1,-1,-3,-1,1,36
0.774011587639069,6,-1,-3,-1,1,18
1.44095976783015,2,-1,-3,-1,1,27
2.04400819915018,3,-1,-3,-1,3,25
0.532510671533989,4,-1,-3,-1,5,36
0.961694178498874,2,-1,-3,-1,2,34
0.397409301061747,6,-1,-3,-1,1,4
0.867894259922451,99,-6,-3,-6,1,48
0.821551224118159,2,-1,-3,-1,1,55
0.527953684252662,6,-1,-3,-1,4,48
0.87540681168369,99,-1,-3,-1,1,6
1.23818686530966,99,-6,-3,-6,3,6
0.900094523181135,99,-1,-3,-1,1,12
1.00201358460516,99,-1,-3,-1,5,46
0.359992764862252,2,-1,-3,-1,1,48
0.809164751191155,99,-1,-3,-1,5,24
0.600053301519418,5,-1,-3,-1,4,34
0.544945978462169,4,-1,-3,-1,1,36
0.398391526493705,6,-1,-3,-1,1,12
0.829006934200185,3,-1,-3,-1,3,53
2.29581030843883,2,-1,-3,-1,1,36
0.359623205898397,2,-1,-3,-1,4,51
0.944584300864811,4,-1,-3,-1,1,6
0.455093668130948,6,-1,-3,-1,1,41
0.687705067962096,2,-1,-3,-1,3,26
0.350398451817067,2,-1,-3,-1,1,21
1.44287133848321,5,-1,-3,-1,1,17
0.936859348198556,6,-1,-3,-1,1,13
1.55451443746503,5,-1,-3,-1,1,18
0.912483045780687,5,-1,-3,-1,1,6
0.881547203055512,2,-1,-3,-1,1,34
4.45332405522056,5,-1,-3,-1,2,13
0.625064153140119,1,-1,-3,-1,1,24
0.676145708836467,2,-1,-3,-1,6,39
2.11407441933451,7,-1,-3,-1,1,47
0.480146702269255,4,-1,-3,-1,1,37
0.799961848286886,99,-1,-3,-1,1,11
0.290044930461773,4,-1,-3,-1,4,36
0.615189147632877,4,-1,-3,-1,3,35
1.10367375271956,1,-1,-3,-1,1,20
1.46816776223656,2,-1,-3,-1,1,36
0.327428882484091,4,-1,-3,-1,6,55
1.11100572414491,7,-1,-3,-1,1,4
0.722492014843791,2,-1,-3,-1,1,12
0.973317805833493,6,-1,-3,-1,5,12
1.66910048273038,2,-1,-3,-1,1,42
2.54126588099655,99,-1,-3,-1,2,21
1.21852231139009,99,-1,-3,-1,2,28
0.477752440713447,4,-1,-3,-1,1,42
0.363737369354149,7,-1,-3,-1,1,39
0.734858237477502,6,-1,-3,-1,1,6
0.545416284793169,3,-1,-3,-1,1,6
0.812429363183129,3,-1,-3,-1,1,53
1.19421410531048,4,-1,-3,-1,1,11
0.925081777769775,6,-1,-3,-1,1,37
0.732281098201388,2,-1,-3,-1,1,26
0.810777233195793,4,-1,-3,-1,1,55
0.77728122063498,7,-1,-3,-1,1,48
0.424045346172566,99,-1,-3,-1,6,15
1.74539718580687,5,-6,-3,-6,1,29
0.339046457195069,4,-1,-3,-1,2,48
0.794281422497337,6,-1,-3,-1,1,26
0.906447292845156,4,-1,-3,-1,1,12
0.856784542114232,5,-1,-3,-1,1,4
1.54344148993257,4,-1,-3,-1,3,48
1.320902857058,7,-1,-3,-1,1,42
0.80464455420523,6,-1,-3,-1,1,48
0.608014484584109,4,-1,-3,-1,1,40
1.14512776599911,2,-1,-3,-1,1,6
0.500389546027785,3,-1,-3,-1,1,42
0.863622930870788,2,-1,-3,-1,1,8
0.60440766439805,6,-6,-3,-6,1,12
1.23102515730597,4,-1,-3,-1,2,24
1.2482061363727,4,-1,-3,-1,4,15
0.482711529926212,1,-1,-3,-1,1,21
0.759244877482866,6,-1,-3,-1,1,26
1.05525425933592,7,-1,-3,-1,1,48
0.709853689773342,4,-1,-3,-1,1,37
0.77853551224964,3,-1,-3,-1,1,47
0.83434446654098,6,-1,-3,-1,1,29
0.349648285815729,6,-1,-3,-1,1,48
0.982075271198357,6,-6,-3,-6,-9,20
0.621033254313086,3,-1,-3,-1,3,48
2.45505299715046,6,-1,-3,-1,1,20
1.05649967557837,1,-1,-3,-1,1,6
0.618551006138156,6,-1,-3,-1,1,4
0.969449875418293,99,-1,-3,-1,1,10
2.81944725976082,4,-1,-3,-1,1,26
0.444604153070644,99,-1,-3,-1,2,28
0.691367592965107,6,-1,-3,-1,1,17
0.885357066604627,6,-1,-3,-1,6,53
1.60785466441665,7,-1,-3,-1,1,26
1.0961711724841,2,-1,-3,-1,6,22
0.574639123278886,4,-1,-3,-1,1,27
0.685241364319189,3,-1,-3,-1,2,22
0.753784841912466,3,4,-3,-1,4,25
5.27922600000731,1,-1,-3,-1,2,1
0.735950575237284,6,-1,-3,-1,1,26
0.581645040389769,3,-6,-3,-6,2,17
1.12826930732929,4,-1,-3,-1,1,26
0.861440931358452,4,-1,-3,-1,1,51
0.377945302616056,4,-1,-3,-1,-9,48
1.39297765257021,3,-1,-3,-1,1,53
0.581505668264769,6,-1,-3,-1,1,20
0.912765983542611,99,-6,-3,-6,3,4
0.367390943518954,6,-1,-3,-1,1,55
0.7601554362978,2,-1,-3,-1,1,37
1.76475888134764,7,-1,-3,-1,1,28
0.697030696750613,4,-1,-3,-1,4,42
0.650372145198002,6,-1,-3,-1,1,13
1.09377841438816,4,-1,-3,-1,2,24
0.463924310988429,6,-1,-3,-1,1,17
0.723555071432157,99,-1,-3,-1,-9,47
1.09252190054689,3,-1,-3,-1,1,6
0.772213331650422,3,-1,-3,-1,3,11
0.74446412642984106,1,-1,-3,-1,1,51
0.758405560280215,6,-1,-3,-1,1,55
0.666930158346802,4,-1,-3,-1,1,13
0.54853771661938,6,-1,-3,-1,1,29
0.629770495333332,6,-6,-3,-6,1,42
1.83627237231976,7,-7,-3,-7,1,42
1.74145244640998,4,-1,-3,-1,1,55
0.479276768498362,99,-1,-3,-1,3,48
2.66359928163229,7,-1,-3,-1,1,12
0.852221344494226,1,-1,-3,-1,1,6
0.315450678777333,1,-6,-3,-6,1,25
0.340636639498202,6,-1,-3,-1,1,26
1.90679804901102,2,-1,-3,-1,6,25
0.396345989874133,4,-1,-3,-1,3,48
1.20055645703124,99,-1,-3,-1,1,33
0.386904281262976,2,-1,-3,-1,1,36
1.72303483870603,99,-1,-3,-1,1,29
1.10905290673811,6,-1,-3,-1,3,48
0.638660158927449,99,-1,-3,-1,1,33
0.430011235548828,2,-1,-3,-1,1,17
2.24185967817614,3,-1,-3,-1,3,32
1.28287467580684,6,-1,-3,-1,1,29
0.547166028636545,6,-1,-3,-1,3,6
2.18576845125371,6,-1,-3,-1,3,48
0.633918722652868,7,-1,-3,-1,1,42
1.18053856385243,99,-1,-3,-1,1,18
0.465194779751121,6,-1,-3,-1,1,33
0.403544457969147,4,-1,-3,-1,2,45
1.28594590832737,99,-1,-3,-1,1,26
0.801482078649256,4,-1,-3,-1,1,54
0.511867511769354,4,-1,-3,-1,1,51
2.28837818942465,4,-1,-3,-1,3,51
0.318962704860051,6,-1,-3,-1,5,5
1.31381267526493,1,-1,-3,-1,1,12
0.608527782918728,6,-1,-3,-1,1,27
0.36374442549446,7,-1,-3,-1,1,12
1.28891976876465,5,-1,-3,-1,2,22
0.738866018357194,5,-1,-3,-1,1,12
1.31381267526493,5,-6,-3,-6,1,51
0.99405179752472,4,-1,-3,-1,1,46
1.78656983649694,7,-1,-3,-1,1,12
0.68228611981214,4,-1,-3,-1,2,6
1.01400711780681,6,-1,-3,-1,1,47
0.966538263407952,6,-1,-3,-1,1,5
2.28714653059953,99,-1,-3,-1,1,48
2.34496214598523,99,-1,-3,-1,1,51
1.19638774527631,4,-1,-3,-1,3,6
0.763976244771423,4,-1,-3,-1,1,6
1.13339911859565,99,-1,-3,-1,1,20
0.800596136893399,4,-1,-3,-1,1,34
1.42389173232924,7,-1,-3,-1,1,54
0.601646206101271,4,-1,-3,-5,1,17
1.60676897545194,4,-1,-3,-1,1,48
0.321969134439564,2,-1,-3,-1,1,26
0.722638659585005,4,-1,-3,-1,1,20
0.393982794071719,2,-1,-3,-1,1,29
0.313366428159562,5,-1,-3,-1,1,18
0.792795898667045,6,-1,-3,-1,1,55
0.837113622296907,4,-1,-3,-1,1,39
1.45589958076078,5,-1,-3,-1,1,25
0.488245624870616,3,-1,-3,-1,1,18
2.19231651438094,5,-1,-3,-1,1,18
1.75302851414248,2,-1,-3,-1,1,6
2.98320247556591,99,-1,-3,-1,1,42
1.18418926863439,6,-1,-3,-1,1,16
0.692023883512163,5,-1,-3,-1,1,42
0.74548412528145,6,-1,-3,-1,1,47
0.88150873739049,99,4,-3,-1,1,20
0.605065677149874,5,-1,-3,-1,1,20
2.18688023107454,1,-1,-3,-1,1,39
2.08355010192275,2,-1,-3,-1,1,16
0.301887804455434,4,-1,-3,-1,1,26
0.408466946102038,2,-1,-3,-1,2,48
0.290208898571889,7,-6,-3,-6,1,47
0.631815155803098,7,-1,-3,-1,1,28
0.907820272505277,7,-1,-3,-1,1,6
0.652439301388639,7,-1,-3,-1,1,39
0.338037737380161,99,-1,-3,-1,-9,55
0.633822806327675,4,-1,-3,-1,1,21
1.63913195991618,4,-1,-3,-1,1,39
1.46461155967446,1,-1,-3,-1,2,40
0.738364180631561,4,-1,-3,-1,1,55
1.30343655962493,99,-1,-3,-1,1,17
1.73318962879335,99,-1,-3,-1,1,22
0.339160438604205,6,-1,-3,-1,1,36
0.699319756500901,3,-1,-3,-1,6,13
0.586717158284766,3,-1,-3,-1,3,16
2.56557296140215,1,-1,-3,-1,2,48
0.713567652003781,7,-1,-3,-1,1,6
0.756210437856584,4,-1,-3,-1,1,37
1.99235047559448,4,-1,-3,-1,1,26
0.710788983998839,4,-1,-3,-1,1,37
0.390299740420689,6,-1,-3,-1,1,12
0.703048055592804,5,-6,-3,-6,1,24
1.78342836829714,5,-1,-3,-1,1,6
0.549871971863827,3,-1,-3,-1,1,34
0.531502316300955,2,-1,-3,-1,1,11
0.372828629685525,4,-1,-3,-1,1,45
0.499503261432829,3,-1,-3,-1,1,29
1.1843106819586,2,-1,-3,-5,1,25
0.658878332922439,4,-1,-3,-1,1,49
0.740829713392668,5,-1,-3,-1,6,6
0.559260220586314,4,-1,-3,-1,4,6
0.980623074563776,3,-1,-3,-1,1,11
0.386339272234303,4,-1,-3,-1,1,21
0.775423111186122,99,-1,-3,-1,1,13
1.64925627398843,3,-7,-3,-7,3,31
0.947427841130815,2,-1,-3,-1,2,9
0.7019624720369,3,-1,-3,-1,1,29
1.32757320468622,1,-1,-3,-1,1,42
1.22760206325603,6,-1,-3,-1,1,48
1.56376309766938,7,-1,-3,-1,1,42
0.807387054073355,6,-1,-3,-1,1,48
0.739971185641289,4,-1,-3,-1,1,53
1.46694411469582,4,-1,-3,-1,3,12
0.333225393164211,6,-1,-3,-1,1,18
0.429108942013052,2,-1,-3,-1,1,40
1.52959706963896,99,-1,-3,-1,1,29
0.939241117579448,99,-1,-3,-1,1,48
0.332428295116205,4,-1,-3,-1,1,40
0.692621195517428,2,-1,-3,-1,1,53
0.384012422499673,4,-1,-3,-1,1,39
6.59062986522059,99,-6,-3,-6,1,4
0.751426770978184,5,-1,-3,-1,1,13
1.39828950274404,4,-1,-3,-1,1,34
0.433134426691474,99,-6,-3,-6,1,12
1.22168399963672,5,-1,-3,-1,5,39
1.23042804798321,3,-1,-3,-1,1,4
0.318967660388329,6,-1,-3,-1,3,48
0.864033256602345,2,-1,-3,-1,1,25
0.224029473692692,6,-1,-3,-1,1,17
1.60776647717756,2,-1,-3,-1,1,25
0.690533136054871,3,-1,-3,-1,1,53
1.14717680961939,99,-1,-3,-1,1,42
0.83792802950472,5,-1,-3,-1,1,48
0.564606485324975,99,-1,-3,-1,1,17
0.328692906841388,5,-1,-3,-1,1,8
0.68282309509224,4,-1,-3,-1,3,48
0.586270995158229,4,-1,-3,-1,3,55
0.752649165995051,4,-1,-3,-1,1,6
0.805504667266792,4,-1,-3,-1,1,51
0.418344386753575,2,-1,-3,-1,1,47
1.35264810191568,6,-1,-3,-1,1,34
0.691459284297771,5,-1,-3,-1,1,11
1.59099617677915,7,-1,-3,-1,1,47
1.77131547284218,2,-1,-3,-1,1,20
1.33225019892806,6,-1,-3,-1,6,40
1.37271561161516,7,-1,-3,-1,1,40
1.34314182038728,6,-1,-3,-1,1,37
1.41072923366468,2,-1,-3,-1,6,24
1.46607390452817,7,-1,-3,-1,1,47
0.363429244955817,99,-1,-3,-1,1,39
0.733404668598281,7,-1,-3,-1,1,47
1.20764098594186,3,-1,-3,-1,1,53
0.60480033694572,4,-6,-3,-6,1,19
2.06645117913178,2,-1,-3,-1,1,47
0.511621875611973,99,-1,-3,-1,2,37
1.65641623303694,99,-1,-3,-1,1,56
0.657293303006968,6,-1,-3,-1,1,18
0.616238616430669,2,-6,-3,-6,3,18
0.89886057588311,3,-6,-3,-6,3,6
1.39374190334261,6,-1,-3,-1,1,4
0.829716590285361,5,-1,-3,-1,1,31
1.12956586221577,4,2,-3,-1,1,25
0.468090849861115,6,-1,-3,-1,1,6
0.309112417025868,2,-1,-3,-1,1,34
0.62739844119519,5,-1,-3,-1,1,48
0.398745600149324,4,-1,-3,-1,2,13
0.356512434246952,3,-1,-3,-1,1,19
0.742272632850038,4,-1,-3,-1,1,24
0.584077894322801,3,-1,-3,-1,4,34
3.0733819219733,4,-1,-3,-1,1,6
0.649787960426059,2,-1,-3,-1,1,25
1.72372766203514,99,-1,-3,-1,5,31
0.581449371302085,2,-1,-3,-1,2,51
0.425404739244599,5,-1,-3,-1,1,34
0.42293066210248,4,-1,-3,-1,1,48
1.18650164242925,1,-1,-3,-1,2,17
1.48681862874323,99,-1,-3,-1,4,48
0.863402810763654,6,-1,-3,-1,1,21
1.15913598822852,5,2,-3,-1,1,25
1.06080203374572,4,-1,-3,-1,2,37
4.0717431887492,3,-1,-3,-1,1,37
0.842499446925296,2,-1,-3,-1,5,45
0.936791463562084,2,-1,-3,-1,1,8
0.928265974297802,1,-1,-3,-1,1,41
0.8028789019489,6,-1,-3,-1,1,8
0.402503135717501,2,-1,-3,-1,1,4
0.905408794984776,4,-1,-3,-1,1,12
0.350342039323736,4,-1,-3,-1,1,42
1.48103967323493,4,-1,-3,-1,1,26
0.478369215536596,3,-1,-3,-1,1,26
0.38530850834687,3,-1,-3,-1,1,21
0.99971647278947,4,-1,-3,-1,1,24
0.540526523994777,6,-1,-3,-1,1,4
3.55969841012162,4,-1,-3,-1,1,39
0.435651920069906,99,-1,-3,-1,1,55
0.564380078567898,4,-1,-3,-1,2,34
0.554011216232512,99,-1,-3,-1,4,37
0.421321807714116,1,-6,-3,-6,1,36
0.466693316581315,4,-1,-3,-1,1,51
0.685155230491667,2,-1,-3,-1,1,33
0.579073215903327,2,-1,-3,-1,2,45
0.747167472067674,4,-1,-3,-1,1,39
0.327291591850213,6,-1,-3,-1,1,51
0.550935391209189,2,-1,-3,-1,1,27
0.532154170346265,2,-1,-3,-1,6,13
0.69766370498915,4,-1,-3,-1,5,36
0.584336335787512,3,-1,-3,-1,2,26
0.499961164489922,99,-1,-3,-1,1,12
1.07643622851808,6,-1,-3,-1,1,17
0.472119760923289,4,-1,-3,-1,1,29
0.581854655803138,6,-1,-3,-1,1,45
0.795430783987188,6,-7,-3,-7,1,17
0.658666890945009,3,-1,-3,-1,1,48
0.443405794899831,4,-1,-3,-1,1,6
0.338839912293634,99,-1,-3,-1,1,55
0.641214888099688,6,-1,-3,-1,1,27
0.929460471983699,4,-1,-3,-1,1,21
0.592767422721092,3,-1,-3,-1,1,28
1.87414092944492,3,-1,-3,-1,3,48
0.673393710019217,4,-1,-3,-1,1,4
0.326953211536564,1,-1,-3,-1,1,19
0.333037259701027,6,-1,-3,-1,1,48
0.814360718199133,3,-1,-3,-1,1,39
0.810983273716963,3,-1,-3,-1,4,6
0.657979097748981,6,-1,-3,-1,1,48
0.476655224405334,4,-1,-3,-1,1,30
0.32361962433992,1,-1,-3,-1,1,16
0.727349247192174,1,-1,-3,-1,1,44
0.572424043676902,6,-1,-3,-1,1,12
1.19443629178317,2,-1,-3,-1,4,48
0.455317589375374,4,-1,-3,-1,2,39
0.302241576493461,4,-1,-3,-1,1,6
0.524951848083565,4,-1,-3,-1,1,26
5.17251160215827,1,-1,-3,-1,2,42
1.12420121461171,6,-1,-3,-1,1,20
1.02899589302866,6,-1,-3,-1,1,20
0.614858003235511,2,-1,-3,-1,1,6
1.6346016179531,4,-1,-3,-1,3,21
0.366020568124111,2,-1,-3,-1,1,17
0.523469263600517,4,-1,-3,-1,3,4
0.912467150727221,3,-1,-3,-1,1,10
0.546324012009849,6,-1,-3,-1,1,51
0.673214901978752,2,-1,-3,-1,3,6
0.410405421469379,6,-1,-3,-1,1,44
1.28131442637153,99,-6,-3,-6,1,17
1.27216677882824,6,-1,-3,-1,1,26
0.484699495687716,6,-1,-3,-1,1,48
1.05038058684583,5,-1,-3,-1,-9,13
1.55170909381908,99,-1,-3,-1,1,44
1.29009673612048,4,-1,-3,-1,1,42
1.29075867749845,1,-1,-3,-1,1,6
0.848382078761995,6,-1,-3,-1,1,6
0.507009421194757,6,-1,-3,-1,1,42
0.944619244463135,2,-1,-3,-1,1,9
0.683804015381644,2,-1,-3,-1,1,42
0.32105716970811,6,-1,-3,-1,1,32
1.05796366661002,5,-1,-3,-1,1,53
0.4898540975986,4,-1,-3,-1,2,28
1.16040563988168,2,-6,-3,-6,1,51
0.633143866615201,6,-1,-3,-1,1,12
0.602536707552123,4,-1,-3,-1,1,19
0.292913920546869,4,-6,-3,-6,4,17
2.07850531116828,99,-1,-3,-1,1,41
0.44567532395353,7,-1,-3,-1,3,47
0.917849224480202,2,-1,-3,-1,1,36
1.58503775305989,6,-1,-3,-1,1,19
2.63024053023829,4,-1,-3,-1,4,34
0.687408615941812,3,-1,-3,-1,1,24
2.87858086688011,99,-1,-3,-1,3,6
1.44816944152128,6,-1,-3,-1,1,55
1.44495761310122,99,-1,-3,-1,1,6
1.72497533778768,4,-1,-3,-1,1,8
0.798307619892555,6,-1,-3,-1,1,47
0.632492625303152,1,-1,-3,-1,1,55
0.895386374787982,2,-1,-3,-1,1,6
0.305551552985416,5,-1,-3,-1,1,17
0.373205258927603,5,-1,-3,-1,1,48
0.427291062794132,4,-1,-3,-1,1,55
1.27476617218157,99,-1,-3,-1,1,41
0.461696498585795,4,-1,-3,-1,1,41
1.07658181698164,99,-1,-3,-1,1,53
1.09137124512428,6,-1,-3,-1,1,42
0.850661682839444,4,-1,-3,-1,1,36
0.715682255230567,7,-1,-3,-1,1,17
0.611053792821197,5,-1,-3,-1,1,39
2.22429905910927,4,-1,-3,-1,1,25
0.341828741716965,2,-1,-3,-1,1,17
0.801598974559598,5,-1,-3,-1,1,17
0.327743432529771,4,-1,-3,-1,5,26
0.686137157016066,99,-1,-3,-1,2,18
0.625216287683552,99,-1,-3,-1,2,45
0.628883542012599,3,-1,-3,-1,1,40
0.592449033514634,4,-1,-3,-1,1,41
0.358312743574123,1,-1,-3,-1,1,37
0.542029209424433,5,-1,-3,-1,1,25
1.47166987615568,6,-1,-3,-1,1,5
0.551908739129037,99,-1,-3,-1,1,48
0.937242651419281,7,-1,-3,-1,3,51
0.440535895368216,3,-1,-3,-1,2,9
0.646693417357276,2,-1,-3,-1,1,53
1.69047723074276,2,-1,-3,-1,4,6
0.988065376243859,6,-1,-3,-1,1,25
0.581972491368345,4,-1,-3,-1,1,9
1.43596122347987,3,-7,-3,-7,3,36
0.629484421236482,5,-1,-3,-1,1,17
0.915708726622269,6,-1,-3,-1,1,47
0.619168539092323,3,-1,-3,-1,3,48
0.704654996734131,6,-1,-3,-1,2,48
0.412876630511829,99,-1,-3,-1,1,47
0.433763814899518,7,-1,-3,-1,1,37
0.355064869168054,5,-1,-3,-1,1,11
0.518519611142138,4,-1,-3,-1,4,19
1.74728032928833,6,-1,-3,-1,1,1
0.594331594580154,2,-1,-3,-1,1,6
1.03614034928621,6,-1,-3,-1,1,44
0.437452064283013,3,-6,-3,-6,2,28
1.39612806686265,6,-1,-3,-1,1,39
0.685343560294333,4,-1,-3,-1,1,53
0.822621648791137,4,-1,-3,-1,1,6
0.649111496805892,2,-1,-3,-1,1,37
0.680360860212609,6,-1,-3,-1,1,34
0.414912147139184,2,-1,-3,-1,1,36
0.385257746472181,99,-1,-3,-1,5,35
0.993653995105067,4,-1,-3,-1,-9,50
0.552423701509551,5,-1,-3,-1,1,8
0.652001598528056,6,-1,-3,-1,1,17
0.660794961068131,4,-1,-3,-1,1,25
0.720192416601281,1,-1,-3,-1,1,33
0.368025150058434,4,-1,-3,-1,1,12
0.795462418815301,2,-1,-3,-1,1,17
0.684593034471489,6,-1,-3,-1,1,29
0.391566289216212,6,-1,-3,-1,1,34
0.698867359140446,5,-1,-3,-1,1,55
1.30880811331291,7,-1,-3,-1,1,26
0.688231263270086,2,-1,-3,-1,1,12
1.67080048970261,5,-1,-3,-1,6,48
0.727180073203164,4,-1,-3,-1,3,48
1.76708341674728,99,-1,-3,-1,1,26
1.41502342037093,2,-1,-3,-1,1,37
0.371502940032541,6,-1,-3,-1,2,18
0.618382811336601,5,-1,-3,-1,1,49
0.337488693981159,99,-1,-3,-1,1,25
0.583242167699352,6,-1,-3,-1,1,25
0.374800035187242,2,-1,-3,-1,1,29
1.3425157890083,2,-1,-3,-1,1,53
0.858712294394828,6,-1,-3,-1,1,13
1.72371266243326,6,-1,-3,-1,1,38
0.450529630019555,4,-1,-3,-1,2,6
0.74755609607011,5,-1,-3,-1,1,8
0.735748026970659,6,-1,-3,-1,1,17
0.841120962306638,4,-1,-3,-1,1,28
0.399106750626534,2,-1,-3,-1,1,42
0.727025009438352,5,-1,-3,-1,1,9
0.765772191796297,1,-1,-3,-1,1,6
0.573572083525888,1,-1,-3,-1,1,9
0.356919011219427,3,-1,-3,-1,1,36
0.804665857188277,4,-1,-3,-1,1,36
1.22458960730349,99,-1,-3,-1,1,25
4.72777879693531,4,-1,-3,-1,1,45
0.706493848407376,2,-1,-3,-1,1,42
0.210711289023944,6,-1,-3,-1,1,37
0.374369641963487,6,-1,-3,-1,1,37
0.796227142226083,3,-1,-3,-1,1,49
0.355700896299523,2,-1,-3,-1,1,55
0.638736195566019,4,4,-3,-1,2,37
0.446118456192934,99,-1,-3,-1,3,48
0.737626697787731,4,-1,-3,-1,1,53
2.02919324579887,5,-1,-3,-1,3,13
0.583883024202608,1,-1,-3,-1,5,51
0.334410768683708,5,-1,-3,-1,1,23
1.13638869208756,2,-1,-3,-1,1,10
1.05325223307836,2,-1,-3,-1,1,6
3.09371103796284,3,-1,-3,-1,6,39
0.772084072243075,4,-1,-3,-5,3,42
1.71960069969622,7,-1,-3,-1,3,12
1.70169417290042,4,-1,-3,-1,4,48
0.313003658086569,6,-1,-3,-1,1,18
0.343948008421595,6,-1,-3,-1,1,8
1.13209922362224,99,-1,-3,-1,3,42
0.432383352528073,2,-1,-3,-1,3,48
0.658846042669446,1,-1,-3,-1,1,22
1.04419380384481,6,-1,-3,-1,1,4
0.667118824533726,99,-1,-3,-1,1,25
0.880074945880464,4,-1,-3,-1,3,8
0.939649735938406,2,-1,-3,-1,1,34
1.17605188234829,2,-1,-3,-1,1,10
0.349890593326815,5,-1,-3,-1,1,39
2.0150005389484,6,-7,-3,-7,1,17
0.367661902687341,6,-1,-3,-1,1,17
0.6798632050362,4,-1,-3,-1,1,17
0.64373550795184,4,-6,-3,-6,1,37
1.8705175950975,2,-1,-3,-1,3,6
0.705643201539674,4,-1,-3,-1,2,36
1.83849491763924,5,-6,-3,-6,1,42
0.759660958013234,6,-1,-3,-1,1,45
0.643063306405811,6,-1,-3,-1,1,24
0.589121550496135,2,-1,-3,-1,1,36
1.0114788566725,5,-1,-3,-1,1,47
1.34048933184762,6,-1,-3,-1,5,6
0.545273437664216,2,-1,-3,-1,1,18
0.75268818415212,4,-1,-3,-1,6,54
2.92351235837449,99,-1,-3,-1,1,9
0.955134502586825,99,-1,-3,-1,1,25
1.88369713423525,7,-1,-3,-1,1,6
0.73116407250837,4,-1,-3,-1,1,6
0.780752749960755,6,-1,-3,-1,1,19
0.654521026419034,5,-1,-3,-1,1,17
0.950808844848473,3,-1,-3,-1,1,6
0.554403405896374,5,-1,-3,-1,1,54
1.93577504200266,5,-1,-3,-1,1,40
0.756139440186761,5,-1,-3,-1,1,12
0.468429590893248,6,-1,-3,-1,1,21
0.585428380500003,4,-1,-3,-1,1,42
2.00070905256238,3,-6,-3,-6,1,37
0.469788069910599,4,-1,-3,-1,2,28
0.592348533271832,7,-1,-3,-1,1,48
0.871844819824032,2,-1,-3,-1,6,6
0.484193070754545,5,-6,-3,-6,1,17
0.672740563978127,2,-1,-3,-1,1,32
0.787655226119258,6,-1,-3,-5,1,24
0.684119158249189,4,-1,-3,-1,3,5
0.667102414851338,7,-1,-3,-1,1,24
1.73865891838363,1,-1,-3,-1,3,6
1.94497175294082,3,-1,-3,-1,1,17
0.843002413953049,2,-1,-3,-1,2,13
0.938758613508361,4,2,-3,-1,1,36
0.757254711810621,6,-1,-3,-1,1,12
3.76367566418816,2,-1,-3,-1,2,9
1.89960163136652,99,-1,-3,-1,2,45
0.714970144893093,5,-1,-3,-1,5,56
0.882612802055499,99,-1,-3,-1,3,48
0.315201187262836,2,-1,-3,-1,1,17
1.80015327834237,4,-1,-3,-1,1,34
0.604983077129835,6,-1,-3,-1,6,13
0.560652724970265,4,-1,-3,-1,4,51
0.361941083260431,4,-1,-3,-1,4,53
0.614226142527511,1,-1,-3,-1,2,17
1.49352115616087,4,-1,-3,-1,3,48
0.446855384574062,4,-1,-3,-1,2,44
0.544725433599677,99,-1,-3,-1,1,13
0.450320437881519,6,-1,-3,-1,1,53
0.676713252254606,6,-1,-3,-1,1,37
0.806523205740983,3,-1,-3,-1,1,25
0.659490356153811,6,-1,-3,-1,1,48
0.309145715170387,2,-1,-3,-1,1,27
1.85448353486332,4,-1,-3,-1,2,37
2.4303997937609,4,-1,-3,-1,1,8
0.34309640225526,3,-1,-3,-1,5,27
1.09197954872409,99,-1,-3,-1,1,48
0.786784117330813,4,-1,-3,-1,1,55
0.527091180872849,2,-1,-3,-1,2,47
2.24253105115359,1,-1,-3,-1,1,21
1.77570933061645,3,-1,-3,-5,3,6
0.73020268745266,6,-1,-3,-1,1,54
0.412529195873248,4,-1,-3,-1,1,9
0.930063912075388,4,-1,-3,-5,1,47
0.705853187549921,3,-1,-3,-1,-9,17
0.84807846869771,6,-1,-3,-1,1,39
1.08311231395362,6,-1,-3,-1,1,42
0.405129220678791,2,-1,-3,-1,1,24
1.39533592694258,2,-1,-3,-1,1,34
0.365889823826361,7,-1,-3,-1,1,9
0.706363038624164,3,4,-3,-1,6,42
2.43502026888002,4,-1,-3,-1,1,18
0.438689383715345,6,-1,-3,-1,6,36
0.373632801272676,3,-1,-3,-1,2,45
0.454400719719487,99,-1,-3,-1,1,6
0.978722356648262,3,-1,-3,-1,1,4
0.282098304092153,4,-1,-3,-1,1,27
0.45360942857408,6,-1,-3,-1,1,6
0.383024044953746,99,-1,-3,-1,3,8
0.322376331658694,4,-1,-3,-1,3,39
1.49625904407742,1,-1,-3,-1,1,32
0.668833824083962,6,-1,-3,-1,1,18
1.75001794213757,4,-1,-3,-1,6,41
0.907134614038908,99,-1,-3,-1,1,17
0.60159517697249,99,-1,-3,-1,4,34
0.808432445302457,2,-1,-3,-1,1,15
0.695336010056003,2,-1,-3,-1,1,6
0.62276866715801,4,-1,-3,-1,1,55
0.66711155760884,1,-1,-3,-1,1,22
0.809137303231515,2,-1,-3,-1,3,12
0.454631845832512,5,-1,-3,-1,1,41
0.687863947505332,2,-1,-3,-1,1,13
0.353718989889732,6,-1,-3,-1,1,4
0.887101455249313,4,-1,-3,-1,1,42
1.36403857772166,7,-1,-3,-1,1,23
0.885357066604627,7,-1,-3,-1,1,6
1.90331051157058,6,-1,-3,-1,3,6
0.464507127527095,2,-1,-3,-1,1,48
0.629441053234572,4,-1,-3,-1,1,27
0.571698797574502,4,-1,-3,-1,1,27
0.309481028320447,3,-1,-3,-1,1,34
0.83245718049379,4,-1,-3,-1,1,24
0.870259279502905,4,-1,-3,-1,1,28
1.20921799744514,6,-1,-3,-1,1,30
0.737521282929341,1,-1,-3,-1,1,12
1.4053551649286,6,-1,-3,-1,1,39
0.378921094514211,3,-1,-3,-1,1,17
0.391346341974765,4,-1,-3,-1,5,13
1.42289678175798,5,-1,-3,-1,1,46
0.736559005652093,99,-1,-3,-1,1,34
0.421628916583331,4,-1,-3,-1,1,36
1.37923466668577,7,-1,-3,-1,5,12
0.882151944085649,7,-1,-3,-1,1,22
0.335148243085308,2,-1,-3,-1,1,50
0.29792928343201,3,-6,-3,-6,1,17
1.57204133274915,4,-1,-3,-1,1,8
0.48004632719912,6,-1,-3,-1,3,12
0.431403048304695,4,-1,-3,-1,1,12
0.71233615237061,3,-1,-3,-1,1,55
0.56112508084311,6,-6,-3,-6,1,6
0.33050871649437,99,-1,-3,-1,3,48
0.427897687056531,3,-1,-3,-1,3,6
1.75389418542777,1,-1,-3,-1,2,36
1.06506491642682,4,-1,-3,-1,1,13
1.0179603664271,99,-1,-3,-1,1,42
0.50151469980714,2,-1,-3,-1,1,25
0.65972395093602,4,-1,-3,-1,6,35
1.89688702979491,99,-1,-3,-1,1,6
1.31186476160127,4,-1,-3,-1,1,48
0.782035965911716,6,-1,-3,-1,1,48
0.603751889044775,6,-1,-3,-1,1,17
0.876573786495725,4,-1,-3,-1,1,6
1.65953100899362,5,-1,-3,-1,1,4
0.685004217804064,2,-1,-3,-1,1,6
0.408159091170094,7,-1,-3,-1,1,1
0.864998393514873,4,-6,-3,-6,1,55
4.56433649868386,5,-1,-3,-1,3,48
0.550448374902155,4,-1,-3,-1,1,17
0.725105191926265,6,-1,-3,-1,2,47
0.907268872199457,6,-1,-3,-1,1,18
1.10634348625004,6,-1,-3,-1,1,6
2.48528567819854,7,-1,-3,-1,3,34
0.714321150497533,3,-1,-3,-1,1,51
0.766094915576739,4,-1,-3,-1,6,36
1.63545404239753,2,-6,-3,-6,1,8
0.297621145886189,6,-6,-3,-6,1,28
0.551769276101357,6,-1,-3,-1,1,34
0.777915752556247,6,-1,-3,-1,1,37
0.898444868553995,6,-1,-3,-1,3,25
2.27632110248191,4,-1,-3,-1,3,6
1.18651442690937,5,-1,-3,-1,1,17
0.753343360541403,4,-1,-3,-1,1,49
0.619858416581115,2,-1,-3,-1,1,4
0.453728022602457,3,-1,-3,-1,4,6
1.76025442444231,7,-1,-3,-1,1,21
0.340189723429114,99,-1,-3,-1,1,18
0.616556163413241,5,-1,-3,-1,1,26
0.680330365882378,6,-1,-3,-1,1,20
2.39200008547362,6,-1,-3,-1,1,21
1.06525480657164,6,-1,-3,-1,3,6
1.1906317097647099,2,-1,-3,-1,3,20
0.761886951942868,5,-1,-3,-1,1,24
0.410218131889259,5,-1,-3,-1,1,22
0.499045277438964,4,-1,-3,-1,4,6
1.57025463998327,2,-6,-3,-6,1,36
1.27093537183177,99,-1,-3,-1,1,55
1.06422510102798,4,-1,-3,-1,3,32
0.686144836763623,5,-1,-3,-1,-9,48
0.576725986724793,2,-6,-3,-6,6,6
